drawing_id,artwork_id,pair,parent
2017_14-17_1535_IRA_R_C,Vincent_van_Gogh_368,True,2017_14-17_1535_IRA_R_C
2019_18-25_1824_COL_a_R_C_crop,Leonardo_da_Vinci_121,True,2019_18-25_1824_COL_a_R_C_crop
1995_14-17_0335_FRA_R_C,Vincent_van_Gogh_750,True,1995_14-17_0335_FRA_R_C
1995_14-17_0335_FRA_R_C,Vincent_van_Gogh_91,True,1995_14-17_0335_FRA_R_C
2019_18-25_1824_COL_d_R_C_crop,johannes-vermeer_the-girl-with-a-pearl-earring,True,2019_18-25_1824_COL_d_R_C_crop
2003_14-17_1031_FRA_R_C_crop,Leonardo_da_Vinci_121,True,2003_14-17_1031_FRA_R_C_crop
2014_14-17_0430_MYS_R_C,katsushika-hokusai_the-great-wave-off-kanagawa,True,2014_14-17_0430_MYS_R_C
1998_14-17_0009_BIE_R_C,efrosinya-polotskaya,True,1998_14-17_0009_BIE_R_C
2003_14-17_1438_LTU_R_C,unicorn-standing-hind-legs,False,2003_14-17_1438_LTU_R_C
2009_14-17_3652_COL_R_C,flying-pegasus,True,2009_14-17_3652_COL_R_C
2020_14-17_0070_LTU_R_C,katsushika-hokusai_the-great-wave-off-kanagawa,True,2020_14-17_0070_LTU_R_C
2014_14-17_0506_MYS_R_C,katsushika-hokusai_the-great-wave-off-kanagawa,True,2014_14-17_0506_MYS_R_C
2011_14-17_1330_MDA_R_C,katsushika-hokusai_the-great-wave-off-kanagawa,False,2011_14-17_1330_MDA_R_C
2019_18-25_2298_MEX_R_C,donald-trump,True,2019_18-25_2298_MEX_R_C
2019_14-17_0196_ECU_R_C,einstein,True,2019_14-17_0196_ECU_R_C
2020_18-25_4587_CHN_R_C,fuji-cherry-blossom-river,True,2020_18-25_4587_CHN_R_C
2019_14-17_0044_POL_R_C,asok-mukhopadhyay_lascaux-stag-hunting,True,2019_14-17_0044_POL_R_C
2019_14-17_0188_RUS_R_C,anubis_standing,True,2019_14-17_0188_RUS_R_C
2019_14-17_0193_RUS_R_C,st-olga,True,2019_14-17_0193_RUS_R_C
2019_14-17_0199_ECU_R_C,christ-thorn-crown,True,2019_14-17_0199_ECU_R_C
2019_14-17_0631_LKA_R_C,dj-marshmellow,True,2019_14-17_0631_LKA_R_C
2019_14-17_0889_ITA_R_C,Leonardo_da_Vinci_23,True,2019_14-17_0889_ITA_R_C
2019_14-17_0974_BGR_R_C,sophronius-of-vratsa,True,2019_14-17_0974_BGR_R_C
2019_14-17_1003_BGR_R_C,Cyril-Methodius,True,2019_14-17_1003_BGR_R_C
2019_14-17_1003_BGR_R_C,cyrille-et-methode,True,2019_14-17_1003_BGR_R_C
2019_14-17_1437_LVA_R_C,love-island,True,2019_14-17_1437_LVA_R_C
2019_14-17_1894_COL_R_C,christ-redeemer,False,2019_14-17_1894_COL_R_C
2019_14-17_1895_COL_R_C,stan-lee,True,2019_14-17_1895_COL_R_C
2009_14-17_1787_ISL_R_C,marilyn-manroe,True,2009_14-17_1787_ISL_R_C
2020_14-17_0792_ITA_R_C,caspar-david-friedrich_the-wanderer-above-the-sea-of-fog,True,2020_14-17_0792_ITA_R_C
2018_14-17_0060_KAZ_R_C,disney_sleeping-beauty-castle,True,2018_14-17_0060_KAZ_R_C
2018_14-17_0973_RUS_R_C,eiffel-tower-cherry-blossom,False,2018_14-17_0973_RUS_R_C
2018_14-17_1185_UKR_R_C,tobias-verhaecht_the-tower-of-babel-1,True,2018_14-17_1185_UKR_R_C
2018_14-17_1653_SGP_a_R_C,Monument_Women-of-World-War-II,True,2018_14-17_1653_SGP_a_R_C
2018_14-17_1661_SGP_a_R_C,Malcolm-Brown_Thich_Quang_Duc-self-immolation,True,2018_14-17_1661_SGP_a_R_C
2012_14-17_1898_LTU_R_C,Fox-and-Crow,True,2012_14-17_1898_LTU_R_C
2012_14-17_2528_PRT_R_C,lenda-nossa-senhora-da-oliveira,True,2012_14-17_2528_PRT_R_C
2011_14-17_0068_RUS_R_C,isaac-levitan_brisk-wind-volga-1885,True,2011_14-17_0068_RUS_R_C
2011_14-17_1853_UKR_R_C,Leonardo_da_Vinci_23,True,2011_14-17_1853_UKR_R_C
2010_14-17_0347_RUS_R_C,santa-and-reindeer,True,2010_14-17_0347_RUS_R_C
2010_14-17_3477_ITA_R_C,audrey-hepburn-cigarette,True,2010_14-17_3477_ITA_R_C
2010_18-25_9999_ITA_R_C,audrey-hepburn-cigarette,True,2010_18-25_9999_ITA_R_C
2016_14-17_0158_ECU_R_C,andean_condor_vultur_gryphus,True,2016_14-17_0158_ECU_R_C
2016_14-17_0870_EST_R_C,northern-lapwing,True,2016_14-17_0870_EST_R_C
2016_14-17_0908_ITA_R_C,wolf-at-night(2),True,2016_14-17_0908_ITA_R_C
2016_14-17_0917_ITA_R_C,wolf-at-night(2),True,2016_14-17_0917_ITA_R_C
2016_14-17_1037_TCH_R_C,flamingo-neck,True,2016_14-17_1037_TCH_R_C
2016_14-17_1039_TCH_R_C,african-leopard,True,2016_14-17_1039_TCH_R_C
2016_14-17_1042_TCH_R_C,pelican-mouth,True,2016_14-17_1042_TCH_R_C
2016_14-17_1056_SGP_R_C,sea-turtle,True,2016_14-17_1056_SGP_R_C
2016_14-17_1111_ITA_R_C,caspar-david-friedrich_the-wanderer-above-the-sea-of-fog,True,2016_14-17_1111_ITA_R_C
2016_14-17_1453_MEX_R_C,toco-toucan,True,2016_14-17_1453_MEX_R_C
2016_14-17_1456_MEX_R_C,toco-toucan(2),True,2016_14-17_1456_MEX_R_C
2016_14-17_1819_BEL_R_C,simba-intro,True,2016_14-17_1819_BEL_R_C
2014_14-17_1763_THA_R_C,Vincent_van_Gogh_368,True,2014_14-17_1763_THA_R_C
2020_14-17_0850_ITA_R_C,caspar-david-friedrich_the-wanderer-above-the-sea-of-fog,True,2020_14-17_0850_ITA_R_C
2020_14-17_0852_ITA_R_C,Vincent_van_Gogh_368,True,2020_14-17_0852_ITA_R_C
2014_14-17_0414_MYS_R_C,penang-water-falls,True,2014_14-17_0414_MYS_R_C
2014_14-17_1436_FRA_R_C,white-cougar-logo,True,2014_14-17_1436_FRA_R_C
2014_14-17_2007_UKR_R_C,white-stallion-jayne-pinnix,True,2014_14-17_2007_UKR_R_C
1996_14-17_0640_BUL_R_C,henri-fantin-latour_lilacs-1872,True,1996_14-17_0640_BUL_R_C
1998_14-17_0002_ROU_R_C,mihai-eminescu,True,1998_14-17_0002_ROU_R_C
1998_14-17_0177_BKF_R_C_crop,almamy-samory-touré,True,1998_14-17_0177_BKF_R_C_crop
1998_14-17_0366_TCH_R_C,pisek-town-hall,True,1998_14-17_0366_TCH_R_C
1998_14-17_0506_INE_R_C,buddha-eyes-closed,True,1998_14-17_0506_INE_R_C
1998_14-17_0615_CHN_R_C,xu-beihong_rooster-1943,True,1998_14-17_0615_CHN_R_C
1998_14-17_0611_CHN_R_C,xu-beihong_bamboo,True,1998_14-17_0611_CHN_R_C
1998_14-17_0612_CHN_R_C,plum-blossom-paper,True,1998_14-17_0612_CHN_R_C
1998_14-17_0614_CHN_R_C,dragon-fly-and-lotus,True,1998_14-17_0614_CHN_R_C
1998_14-17_0614B_CHN_R_C,dragon-fly-and-lotus,True,1998_14-17_0614B_CHN_R_C
1998_14-17_0617_CHN_R_C,chinese-dragon-engraving,True,1998_14-17_0617_CHN_R_C
1998_14-17_0620_CHN_R_C,zhang-daqian_pink-red-lotus,True,1998_14-17_0620_CHN_R_C
1998_14-17_0753_CHN_R_C,lotus-and-bird,True,1998_14-17_0753_CHN_R_C
1998_18-25_5_0055,soltaniyeh-dome,True,1998_18-25_5_0055
1998_18-25_0060_IRA_R_C,achaemenid-persian-lion-rhyton_Persepolis,True,1998_18-25_0060_IRA_R_C
1998_18-25_0092_LBA_R_C,baalbek_temple-of-jupiter,True,1998_18-25_0092_LBA_R_C
1998_18-25_0185_HON_R_C,folkins_yellow-pitcher-and-three-apples,True,1998_18-25_0185_HON_R_C
1998_18-25_0202_IRA_R_0002_C,discobolus,True,1998_18-25_0202_IRA_R_0002_C
2008_14-17_5206_TCH_R_C,unicorn-plus-pegasus,True,2008_14-17_5206_TCH_R_C
1994_14-17_0065_FRA_R_C,tobias-verhaecht_the-tower-of-babel-1,False,1994_14-17_0065_FRA_R_C
1995_14-17_0710_SRI_R_C,sigiriya-damsel,True,1995_14-17_0710_SRI_R_C
1995_14-17_0280_GRE_R_C,Vincent_van_Gogh_76,True,1995_14-17_0280_GRE_R_C
2014_14-17_0434_MYS_R_C,katsushika-hokusai_the-great-wave-off-kanagawa,True,2014_14-17_0434_MYS_R_C
2005_14-17_0245_GRE_R_C,ilya-mashkov_cherry-1939,True,2005_14-17_0245_GRE_R_C
2016_14-17_9999_ITA_R_C,Michelangelo_4,False,2016_14-17_9999_ITA_R_C
2014_14-17_1764_THA_R_C,Vincent_van_Gogh_368,True,2014_14-17_1764_THA_R_C
2011_14-17_1360_POL_R_C,Vincent_van_Gogh_368,True,2011_14-17_1360_POL_R_C
2020_14-17_2051_UKR_R_C,gustav-klimt_the-kiss-1908(1),True,2020_14-17_2051_UKR_R_C
1998_14-17_0720_FRA_R_C,Edvard_Munch_12,False,1998_14-17_0720_FRA_R_C
1998_14-17_0729_FRA_R_C,pierre-auguste-renoir_the-luncheon-of-the-boating-party-1881-1,True,1998_14-17_0729_FRA_R_C
1998_14-17_0729_FRA_R_C,vincent-van-gogh_dr-paul-gachet-1890(1),True,1998_14-17_0729_FRA_R_C
1998_18-25_0214_FRA_R_C,Vincent_van_Gogh_483,True,1998_18-25_0214_FRA_R_C
2020_14-17_4634_UKR_R_C_crop2,shuna,True,2020_14-17_4634_UKR_R_C_crop2
2020_14-17_4634_UKR_R_C_crop1,keisai-eisen_otonashis-tsukuda-shinchi-no-irifune-from-the-series-twelve-views-of-modern-beauties-imay-bijin,True,2020_14-17_4634_UKR_R_C_crop1
2018_14-17_0913_MEX_R_C,martin_luther_king_Jr,False,2018_14-17_0913_MEX_R_C
2018_14-17_0913_MEX_R_C,gandhi,False,2018_14-17_0913_MEX_R_C
2018_14-17_0913_MEX_R_C,mother_teresa,False,2018_14-17_0913_MEX_R_C
2018_14-17_1823_CZE_R_C,john-lennon,False,2018_14-17_1823_CZE_R_C
2018_14-17_1823_CZE_R_C,gandhi(2),False,2018_14-17_1823_CZE_R_C
2018_14-17_1823_CZE_R_C,hans-gedda-nelson-mandela,False,2018_14-17_1823_CZE_R_C
2018_14-17_1823_CZE_R_C,martin_luther_king_Jr,False,2018_14-17_1823_CZE_R_C
2019_14-17_0726_TUR_R_C,gobeklitepenin,False,2019_14-17_0726_TUR_R_C
2012_14-17_2528_PRT_R_C,catedral-nossa-senhora-da-oliveira,False,2012_14-17_2528_PRT_R_C
2010_14-17_0673_MYS_R_C,phoenix,False,2010_14-17_0673_MYS_R_C
2010_14-17_3284_BRA_R_C,octavio-frias-oliveira-bridge_daylight,False,2010_14-17_3284_BRA_R_C
2010_14-17_3284_BRA_R_C,octavio-frias-oliveira-bridge_night,False,2010_14-17_3284_BRA_R_C
2017_14-17_1482_MYS_R_C,katsushika-hokusai_the-great-wave-off-kanagawa,False,2017_14-17_1482_MYS_R_C
2017_14-17_2093_ITA_R_C,katsushika-hokusai_the-great-wave-off-kanagawa,False,2017_14-17_2093_ITA_R_C
2016_14-17_1838_BEL_R_C,panda-bamboo,False,2016_14-17_1838_BEL_R_C
2016_14-17_2711_MTQ_R_C,wolf-at-night(2),False,2016_14-17_2711_MTQ_R_C
2014_14-17_1537_LVA_R_C,katsushika-hokusai_the-great-wave-off-kanagawa,False,2014_14-17_1537_LVA_R_C
1996_14-17_0051_BIE_R_C,jesus_heinrich-hofmann,True,1996_14-17_0051_BIE_R_C
1996_14-17_0051_BIE_R_C,jesus-sharing-blessings-and-wisdom-nicholas-hodgson,True,1996_14-17_0051_BIE_R_C
1998_14-17_0420_MEX_R_C,pretty-red-and-blue_parrot,False,1998_14-17_0420_MEX_R_C
1998_14-17_0421_MEX_R_C,red-blue-and-yellow-macaw,False,1998_14-17_0421_MEX_R_C
1998_14-17_0441_TAN_R_C,kyrgyzstan_stamp_of_kilimanjaro,False,1998_14-17_0441_TAN_R_C
1998_14-17_0584B_IRA_R_C,Soltaniyeh-dome,False,1998_14-17_0584B_IRA_R_C
1994_14-17_0084_FRA_R_C,nardo-di-cione_standing-madonna-with-child,False,1994_14-17_0084_FRA_R_C
2009_14-17_0979_IND_R_C,jean-leon-gerome_egyptian-water-carrier,False,2009_14-17_0979_IND_R_C
2005_14-17_0432_AZE_R_C,domenico-ghirlandaio_madonna,False,2005_14-17_0432_AZE_R_C
2000_14-17_0076_SLO_R_C,endre-bartos_sunset-1981,False,2000_14-17_0076_SLO_R_C
2009_14-17_1659_HRV_R_C,Vincent_van_Gogh_206,False,2009_14-17_1659_HRV_R_C
2017_10-13_2058_ROM_R_C,katsushika-hokusai_the-great-wave-off-kanagawa,False,2017_10-13_2058_ROM_R_C
2020_6-9_5025_CHN_R_C,Vincent_van_Gogh_368,True,2020_6-9_5025_CHN_R_C
2008_10-13_0231_UKR_R_C,mily-possoz_cat-1,False,2008_10-13_0231_UKR_R_C
2013_18-25_3997_BGR_R_C,Vincent_van_Gogh_368,False,2013_18-25_3997_BGR_R_C
2011_14-17_0197_EST_R_C,katsushika-hokusai_the-great-wave-off-kanagawa,False,2011_14-17_0197_EST_R_C
2007_14-17_0146_LTU_R_C,Vincent_van_Gogh_368,False,2007_14-17_0146_LTU_R_C
2019_14-17_1345_UKR_R_C,katsushika-hokusai_a-colored-version-of-the-big-wave,False,2019_14-17_1345_UKR_R_C
2019_14-17_1486_LVA_R_C,Leonardo_da_Vinci_121,False,2019_14-17_1486_LVA_R_C
2018_14-17_0081_UKR_R_C,marc-chagall_mother-by-the-oven-1914,False,2018_14-17_0081_UKR_R_C
2010_14-17_1311_POL_R_C,Vincent_van_Gogh_215,False,2010_14-17_1311_POL_R_C
2010_14-17_0710_MKD_R_C,franz-marc_grazing-horses-iv-the-red-horses-1911,False,2010_14-17_0710_MKD_R_C
2010_14-17_1668_KWT_R_C,Vincent_van_Gogh_368,False,2010_14-17_1668_KWT_R_C
2010_14-17_1668_KWT_R_C,katsushika-hokusai_the-great-wave-off-kanagawa,False,2010_14-17_1668_KWT_R_C
2010_14-17_2992_ITA_R_C,vincent-van-gogh_torso-of-venus-4,False,2010_14-17_2992_ITA_R_C
2010_14-17_2992_ITA_R_C,vincent-van-gogh_plaster-statuette-of-a-female-torso-1886,False,2010_14-17_2992_ITA_R_C
2017_14-17_0289_ROM_R_C,katsushika-hokusai_the-great-wave-off-kanagawa,False,2017_14-17_0289_ROM_R_C
2016_14-17_1566_ITA_R_C,caspar-david-friedrich_the-wanderer-above-the-sea-of-fog,False,2016_14-17_1566_ITA_R_C
2016_14-17_1766_LTU_R_C,pyotr-konchalovsky_landscape-1,False,2016_14-17_1766_LTU_R_C
2012_14-17_0803_UKR_R_C,Vincent_van_Gogh_368,False,2012_14-17_0803_UKR_R_C
2020_14-17_1935_RUS_R_C,louis-vivin_cath-drale-de-notre-dame,False,2020_14-17_1935_RUS_R_C
2013_18-25_1095_POL_R_C,richard-parkes-bonington_the-rialto-venice-1826,False,2013_18-25_1095_POL_R_C
2000_14-17_1594_UKR_R_C,david-burliuk_autumn-forest,False,2000_14-17_1594_UKR_R_C
2020_18-25_0074_LTU_R_C,Vincent_van_Gogh_368,False,2020_18-25_0074_LTU_R_C
2014_14-17_0498_MYS_R_C,basuki-abdullah_horses-1,False,2014_14-17_0498_MYS_R_C
2008_18-25_0100_SRB_R_C,basuki-abdullah_horses-1,False,2008_18-25_0100_SRB_R_C
1998_14-17_0113_JAM_R_C,katsushika-hokusai_the-great-wave-off-kanagawa,False,1998_14-17_0113_JAM_R_C
1994_14-17_0442_FRA_R_C,tobias-verhaecht_the-tower-of-babel-1,False,1994_14-17_0442_FRA_R_C
2013_14-17_3439_LTU_R_C,katsushika-hokusai_the-great-wave-off-kanagawa,False,2013_14-17_3439_LTU_R_C
2018_14-17_1823_CZE_R_C,unknown,False,2018_14-17_1823_CZE_R_C
2014_14-17_1850_UKR_R_C,stephen hawking,False,2014_14-17_1850_UKR_R_C
1996_14-17_0037_ROU_R_C,unknown,False,1996_14-17_0037_ROU_R_C
1994_14-17_0142_FRA_R_C,big-ben-henry-be,False,1994_14-17_0142_FRA_R_C
2012_14-17_0248_UKR_R_C,tsarevna,False,2012_14-17_0248_UKR_R_C
2012_14-17_0461_UKR_R_C,Silver Hoof,False,2012_14-17_0461_UKR_R_C
2012_14-17_0475_UKR_R_C,charlie perm puss in the boots,False,2012_14-17_0475_UKR_R_C
2012_14-17_0558_UKR_R_C,kotigoroshek ukrainian folk story,False,2012_14-17_0558_UKR_R_C
2012_14-17_0565_UKR_R_C,The Magic Swan Geese,False,2012_14-17_0565_UKR_R_C
2012_14-17_0784_MYS_R_C,Nian Monster,False,2012_14-17_0784_MYS_R_C
2012_14-17_1151_MYS_R_C,Sky Lantern,False,2012_14-17_1151_MYS_R_C
2016_18-25_0936_IDN_R_C,merak ngibing,False,2016_18-25_0936_IDN_R_C
2002_18-25_0007_CRI_R_C,Pegasus/Unicorn,False,2002_18-25_0007_CRI_R_C
2003_14-17_1422_THA_R_C,adam/eve,False,2003_14-17_1422_THA_R_C
1995_14-17_0006_FRA_R_C,animal farm,False,1995_14-17_0006_FRA_R_C
2011_14-17_1863_RUS_R_C,unknown,False,2011_14-17_1863_RUS_R_C
1995_14-17_0003_FRA_R_C,unknown,False,1995_14-17_0003_FRA_R_C
1997_14-17_0014_LBA_R_C,claude-monet_regatta-at-argenteuil,True,1997_14-17_0014_LBA_R_C
2000_14-17_0026_VIE_R_C,Sandro_Botticelli_163,True,2000_14-17_0026_VIE_R_C
2000_14-17_0443_UKR_R_C,cossack_mamai,True,2000_14-17_0443_UKR_R_C
2000_14-17_0896_TCH_R_C_crop,tg_masaryk,True,2000_14-17_0896_TCH_R_C_crop
2000_14-17_0897_TCH_R_C_crop,tg_masaryk,True,2000_14-17_0897_TCH_R_C_crop
2000_14-17_0898_TCH_R_C_crop,tg_masaryk,True,2000_14-17_0898_TCH_R_C_crop
2000_14-17_0899_TCH_R_C_crop,tg_masaryk,True,2000_14-17_0899_TCH_R_C_crop
2000_14-17_0900_TCH_R_C_crop,tg_masaryk,True,2000_14-17_0900_TCH_R_C_crop
2000_14-17_0901_TCH_R_C_crop,tg_masaryk,True,2000_14-17_0901_TCH_R_C_crop
2000_14-17_0902_TCH_R_C_crop,tg_masaryk,True,2000_14-17_0902_TCH_R_C_crop
2000_14-17_0903_TCH_R_C_crop,tg_masaryk,True,2000_14-17_0903_TCH_R_C_crop
2000_14-17_0904_TCH_R_C_crop,tg_masaryk,True,2000_14-17_0904_TCH_R_C_crop
2000_14-17_0905_TCH_R_C_crop,tg_masaryk,True,2000_14-17_0905_TCH_R_C_crop
2000_14-17_0906_TCH_R_C_crop,tg_masaryk,True,2000_14-17_0906_TCH_R_C_crop
2000_14-17_1345_KIR_R_C,Vincent_van_Gogh_213,True,2000_14-17_1345_KIR_R_C
2000_14-17_1583_COL_R_C,child_jesus_good_shepard,True,2000_14-17_1583_COL_R_C
1996_10-13_1546_GHA_R_C,ghana-coat-of-arms,True,1996_10-13_1546_GHA_R_C
1996_10-13_1547_GHA_R_C,ghana-coat-of-arms,True,1996_10-13_1547_GHA_R_C
1996_10-13_1549_GHA_R_C_crop,james_kwegyir,True,1996_10-13_1549_GHA_R_C_crop
2003_14-17_1294_KAZ_a_R_C,taj_mahal,True,2003_14-17_1294_KAZ_a_R_C
2003_14-17_1298_INE_R_C,taj_mahal,True,2003_14-17_1298_INE_R_C
2003_14-17_1370_THA_R_C,buddha-eyes-closed,True,2003_14-17_1370_THA_R_C
2003_18-25_0204_SUR_R_C,durga-on-tiger,True,2003_18-25_0204_SUR_R_C
2004_14-17_0343_BLG_R_C,mother-and-golden-haired-child-shijun-munns,True,2004_14-17_0343_BLG_R_C
2009_14-17_0939_BGR_R_C,archangel_michael,True,2009_14-17_0939_BGR_R_C
2009_14-17_0941_BGR_R_C,st_stephen_icon,True,2009_14-17_0941_BGR_R_C
2009_14-17_1234_DEU_R_C,padme-amidala,True,2009_14-17_1234_DEU_R_C
2009_14-17_2021_POL_R_C,Edvard_Munch_12,True,2009_14-17_2021_POL_R_C
2015_14-17_4476_ROM_R_C,inside_identity,True,2015_14-17_4476_ROM_R_C
2015_14-17_4881_ROM_R_C,marco_ortolan_benetian_mask,True,2015_14-17_4881_ROM_R_C
2013_14-17_1011_POL_R_C,saint_basil_cathedral,True,2013_14-17_1011_POL_R_C
2013_14-17_1201_FRA_R_C,taj_mahal,True,2013_14-17_1201_FRA_R_C
2013_18-25_1990_LBN_R_C,byblos_georges_sehral,True,2013_18-25_1990_LBN_R_C
2014_14-17_0680_RUS_R_C,hucan,True,2014_14-17_0680_RUS_R_C
2010_MS_0981_FRA_R_C,Leonardo_da_Vinci_121,True,2010_MS_0981_FRA_R_C
1995_14-17_0259_YOU_R_C,Vincent_van_Gogh_76,True,1995_14-17_0259_YOU_R_C
1998_14-17_0101_RUS_R_C,eglise_de_la_transfiguration,True,1998_14-17_0101_RUS_R_C
1998_14-17_0293_LBA_R_C,ferruzzi_reproduktion,True,1998_14-17_0293_LBA_R_C
1998_18-25_5_0010,isfahan,True,1998_18-25_5_0010
1998_18-25_0212_IRA_R_C,haruniyeh_monument,True,1998_18-25_0212_IRA_R_C
1998_14-17_0627_CHN_R_C_crop,statute_head,True,1998_14-17_0627_CHN_R_C_crop
2017_14-17_1535_IRA_R_C_oil,Vincent_van_Gogh_368,True,2017_14-17_1535_IRA_R_C
2017_14-17_1535_IRA_R_C_water,Vincent_van_Gogh_368,True,2017_14-17_1535_IRA_R_C
2017_14-17_1535_IRA_R_C_texture,Vincent_van_Gogh_368,True,2017_14-17_1535_IRA_R_C
2017_14-17_1535_IRA_R_C_pencil_gray,Vincent_van_Gogh_368,True,2017_14-17_1535_IRA_R_C
2017_14-17_1535_IRA_R_C_gray,Vincent_van_Gogh_368,True,2017_14-17_1535_IRA_R_C
2019_18-25_1824_COL_a_R_C_crop_oil,Leonardo_da_Vinci_121,True,2019_18-25_1824_COL_a_R_C_crop
2019_18-25_1824_COL_a_R_C_crop_water,Leonardo_da_Vinci_121,True,2019_18-25_1824_COL_a_R_C_crop
2019_18-25_1824_COL_a_R_C_crop_texture,Leonardo_da_Vinci_121,True,2019_18-25_1824_COL_a_R_C_crop
2019_18-25_1824_COL_a_R_C_crop_pencil_gray,Leonardo_da_Vinci_121,True,2019_18-25_1824_COL_a_R_C_crop
2019_18-25_1824_COL_a_R_C_crop_gray,Leonardo_da_Vinci_121,True,2019_18-25_1824_COL_a_R_C_crop
1995_14-17_0335_FRA_R_C_oil,Vincent_van_Gogh_750,True,1995_14-17_0335_FRA_R_C
1995_14-17_0335_FRA_R_C_water,Vincent_van_Gogh_750,True,1995_14-17_0335_FRA_R_C
1995_14-17_0335_FRA_R_C_texture,Vincent_van_Gogh_750,True,1995_14-17_0335_FRA_R_C
1995_14-17_0335_FRA_R_C_pencil_gray,Vincent_van_Gogh_750,True,1995_14-17_0335_FRA_R_C
1995_14-17_0335_FRA_R_C_gray,Vincent_van_Gogh_750,True,1995_14-17_0335_FRA_R_C
1995_14-17_0335_FRA_R_C_oil,Vincent_van_Gogh_91,True,1995_14-17_0335_FRA_R_C
1995_14-17_0335_FRA_R_C_water,Vincent_van_Gogh_91,True,1995_14-17_0335_FRA_R_C
1995_14-17_0335_FRA_R_C_texture,Vincent_van_Gogh_91,True,1995_14-17_0335_FRA_R_C
1995_14-17_0335_FRA_R_C_pencil_gray,Vincent_van_Gogh_91,True,1995_14-17_0335_FRA_R_C
1995_14-17_0335_FRA_R_C_gray,Vincent_van_Gogh_91,True,1995_14-17_0335_FRA_R_C
2019_18-25_1824_COL_d_R_C_crop_oil,johannes-vermeer_the-girl-with-a-pearl-earring,True,2019_18-25_1824_COL_d_R_C_crop
2019_18-25_1824_COL_d_R_C_crop_water,johannes-vermeer_the-girl-with-a-pearl-earring,True,2019_18-25_1824_COL_d_R_C_crop
2019_18-25_1824_COL_d_R_C_crop_texture,johannes-vermeer_the-girl-with-a-pearl-earring,True,2019_18-25_1824_COL_d_R_C_crop
2019_18-25_1824_COL_d_R_C_crop_pencil_gray,johannes-vermeer_the-girl-with-a-pearl-earring,True,2019_18-25_1824_COL_d_R_C_crop
2019_18-25_1824_COL_d_R_C_crop_gray,johannes-vermeer_the-girl-with-a-pearl-earring,True,2019_18-25_1824_COL_d_R_C_crop
2003_14-17_1031_FRA_R_C_crop_oil,Leonardo_da_Vinci_121,True,2003_14-17_1031_FRA_R_C_crop
2003_14-17_1031_FRA_R_C_crop_water,Leonardo_da_Vinci_121,True,2003_14-17_1031_FRA_R_C_crop
2003_14-17_1031_FRA_R_C_crop_texture,Leonardo_da_Vinci_121,True,2003_14-17_1031_FRA_R_C_crop
2003_14-17_1031_FRA_R_C_crop_pencil_gray,Leonardo_da_Vinci_121,True,2003_14-17_1031_FRA_R_C_crop
2003_14-17_1031_FRA_R_C_crop_gray,Leonardo_da_Vinci_121,True,2003_14-17_1031_FRA_R_C_crop
2014_14-17_0430_MYS_R_C_oil,katsushika-hokusai_the-great-wave-off-kanagawa,True,2014_14-17_0430_MYS_R_C
2014_14-17_0430_MYS_R_C_water,katsushika-hokusai_the-great-wave-off-kanagawa,True,2014_14-17_0430_MYS_R_C
2014_14-17_0430_MYS_R_C_texture,katsushika-hokusai_the-great-wave-off-kanagawa,True,2014_14-17_0430_MYS_R_C
2014_14-17_0430_MYS_R_C_pencil_gray,katsushika-hokusai_the-great-wave-off-kanagawa,True,2014_14-17_0430_MYS_R_C
2014_14-17_0430_MYS_R_C_gray,katsushika-hokusai_the-great-wave-off-kanagawa,True,2014_14-17_0430_MYS_R_C
1998_14-17_0009_BIE_R_C_oil,efrosinya-polotskaya,True,1998_14-17_0009_BIE_R_C
1998_14-17_0009_BIE_R_C_water,efrosinya-polotskaya,True,1998_14-17_0009_BIE_R_C
1998_14-17_0009_BIE_R_C_texture,efrosinya-polotskaya,True,1998_14-17_0009_BIE_R_C
1998_14-17_0009_BIE_R_C_pencil_gray,efrosinya-polotskaya,True,1998_14-17_0009_BIE_R_C
1998_14-17_0009_BIE_R_C_gray,efrosinya-polotskaya,True,1998_14-17_0009_BIE_R_C
2009_14-17_3652_COL_R_C_oil,flying-pegasus,True,2009_14-17_3652_COL_R_C
2009_14-17_3652_COL_R_C_water,flying-pegasus,True,2009_14-17_3652_COL_R_C
2009_14-17_3652_COL_R_C_texture,flying-pegasus,True,2009_14-17_3652_COL_R_C
2009_14-17_3652_COL_R_C_pencil_gray,flying-pegasus,True,2009_14-17_3652_COL_R_C
2009_14-17_3652_COL_R_C_gray,flying-pegasus,True,2009_14-17_3652_COL_R_C
2020_14-17_0070_LTU_R_C_oil,katsushika-hokusai_the-great-wave-off-kanagawa,True,2020_14-17_0070_LTU_R_C
2020_14-17_0070_LTU_R_C_water,katsushika-hokusai_the-great-wave-off-kanagawa,True,2020_14-17_0070_LTU_R_C
2020_14-17_0070_LTU_R_C_texture,katsushika-hokusai_the-great-wave-off-kanagawa,True,2020_14-17_0070_LTU_R_C
2020_14-17_0070_LTU_R_C_pencil_gray,katsushika-hokusai_the-great-wave-off-kanagawa,True,2020_14-17_0070_LTU_R_C
2020_14-17_0070_LTU_R_C_gray,katsushika-hokusai_the-great-wave-off-kanagawa,True,2020_14-17_0070_LTU_R_C
2014_14-17_0506_MYS_R_C_oil,katsushika-hokusai_the-great-wave-off-kanagawa,True,2014_14-17_0506_MYS_R_C
2014_14-17_0506_MYS_R_C_water,katsushika-hokusai_the-great-wave-off-kanagawa,True,2014_14-17_0506_MYS_R_C
2014_14-17_0506_MYS_R_C_texture,katsushika-hokusai_the-great-wave-off-kanagawa,True,2014_14-17_0506_MYS_R_C
2014_14-17_0506_MYS_R_C_pencil_gray,katsushika-hokusai_the-great-wave-off-kanagawa,True,2014_14-17_0506_MYS_R_C
2014_14-17_0506_MYS_R_C_gray,katsushika-hokusai_the-great-wave-off-kanagawa,True,2014_14-17_0506_MYS_R_C
2019_18-25_2298_MEX_R_C_oil,donald-trump,True,2019_18-25_2298_MEX_R_C
2019_18-25_2298_MEX_R_C_water,donald-trump,True,2019_18-25_2298_MEX_R_C
2019_18-25_2298_MEX_R_C_texture,donald-trump,True,2019_18-25_2298_MEX_R_C
2019_18-25_2298_MEX_R_C_pencil_gray,donald-trump,True,2019_18-25_2298_MEX_R_C
2019_18-25_2298_MEX_R_C_gray,donald-trump,True,2019_18-25_2298_MEX_R_C
2019_14-17_0196_ECU_R_C_oil,einstein,True,2019_14-17_0196_ECU_R_C
2019_14-17_0196_ECU_R_C_water,einstein,True,2019_14-17_0196_ECU_R_C
2019_14-17_0196_ECU_R_C_texture,einstein,True,2019_14-17_0196_ECU_R_C
2019_14-17_0196_ECU_R_C_pencil_gray,einstein,True,2019_14-17_0196_ECU_R_C
2019_14-17_0196_ECU_R_C_gray,einstein,True,2019_14-17_0196_ECU_R_C
2020_18-25_4587_CHN_R_C_oil,fuji-cherry-blossom-river,True,2020_18-25_4587_CHN_R_C
2020_18-25_4587_CHN_R_C_water,fuji-cherry-blossom-river,True,2020_18-25_4587_CHN_R_C
2020_18-25_4587_CHN_R_C_texture,fuji-cherry-blossom-river,True,2020_18-25_4587_CHN_R_C
2020_18-25_4587_CHN_R_C_pencil_gray,fuji-cherry-blossom-river,True,2020_18-25_4587_CHN_R_C
2020_18-25_4587_CHN_R_C_gray,fuji-cherry-blossom-river,True,2020_18-25_4587_CHN_R_C
2019_14-17_0044_POL_R_C_oil,asok-mukhopadhyay_lascaux-stag-hunting,True,2019_14-17_0044_POL_R_C
2019_14-17_0044_POL_R_C_water,asok-mukhopadhyay_lascaux-stag-hunting,True,2019_14-17_0044_POL_R_C
2019_14-17_0044_POL_R_C_texture,asok-mukhopadhyay_lascaux-stag-hunting,True,2019_14-17_0044_POL_R_C
2019_14-17_0044_POL_R_C_pencil_gray,asok-mukhopadhyay_lascaux-stag-hunting,True,2019_14-17_0044_POL_R_C
2019_14-17_0044_POL_R_C_gray,asok-mukhopadhyay_lascaux-stag-hunting,True,2019_14-17_0044_POL_R_C
2019_14-17_0188_RUS_R_C_oil,anubis_standing,True,2019_14-17_0188_RUS_R_C
2019_14-17_0188_RUS_R_C_water,anubis_standing,True,2019_14-17_0188_RUS_R_C
2019_14-17_0188_RUS_R_C_texture,anubis_standing,True,2019_14-17_0188_RUS_R_C
2019_14-17_0188_RUS_R_C_pencil_gray,anubis_standing,True,2019_14-17_0188_RUS_R_C
2019_14-17_0188_RUS_R_C_gray,anubis_standing,True,2019_14-17_0188_RUS_R_C
2019_14-17_0193_RUS_R_C_oil,st-olga,True,2019_14-17_0193_RUS_R_C
2019_14-17_0193_RUS_R_C_water,st-olga,True,2019_14-17_0193_RUS_R_C
2019_14-17_0193_RUS_R_C_texture,st-olga,True,2019_14-17_0193_RUS_R_C
2019_14-17_0193_RUS_R_C_pencil_gray,st-olga,True,2019_14-17_0193_RUS_R_C
2019_14-17_0193_RUS_R_C_gray,st-olga,True,2019_14-17_0193_RUS_R_C
2019_14-17_0199_ECU_R_C_oil,christ-thorn-crown,True,2019_14-17_0199_ECU_R_C
2019_14-17_0199_ECU_R_C_water,christ-thorn-crown,True,2019_14-17_0199_ECU_R_C
2019_14-17_0199_ECU_R_C_texture,christ-thorn-crown,True,2019_14-17_0199_ECU_R_C
2019_14-17_0199_ECU_R_C_pencil_gray,christ-thorn-crown,True,2019_14-17_0199_ECU_R_C
2019_14-17_0199_ECU_R_C_gray,christ-thorn-crown,True,2019_14-17_0199_ECU_R_C
2019_14-17_0631_LKA_R_C_oil,dj-marshmellow,True,2019_14-17_0631_LKA_R_C
2019_14-17_0631_LKA_R_C_water,dj-marshmellow,True,2019_14-17_0631_LKA_R_C
2019_14-17_0631_LKA_R_C_texture,dj-marshmellow,True,2019_14-17_0631_LKA_R_C
2019_14-17_0631_LKA_R_C_pencil_gray,dj-marshmellow,True,2019_14-17_0631_LKA_R_C
2019_14-17_0631_LKA_R_C_gray,dj-marshmellow,True,2019_14-17_0631_LKA_R_C
2019_14-17_0889_ITA_R_C_oil,Leonardo_da_Vinci_23,True,2019_14-17_0889_ITA_R_C
2019_14-17_0889_ITA_R_C_water,Leonardo_da_Vinci_23,True,2019_14-17_0889_ITA_R_C
2019_14-17_0889_ITA_R_C_texture,Leonardo_da_Vinci_23,True,2019_14-17_0889_ITA_R_C
2019_14-17_0889_ITA_R_C_pencil_gray,Leonardo_da_Vinci_23,True,2019_14-17_0889_ITA_R_C
2019_14-17_0889_ITA_R_C_gray,Leonardo_da_Vinci_23,True,2019_14-17_0889_ITA_R_C
2019_14-17_0974_BGR_R_C_oil,sophronius-of-vratsa,True,2019_14-17_0974_BGR_R_C
2019_14-17_0974_BGR_R_C_water,sophronius-of-vratsa,True,2019_14-17_0974_BGR_R_C
2019_14-17_0974_BGR_R_C_texture,sophronius-of-vratsa,True,2019_14-17_0974_BGR_R_C
2019_14-17_0974_BGR_R_C_pencil_gray,sophronius-of-vratsa,True,2019_14-17_0974_BGR_R_C
2019_14-17_0974_BGR_R_C_gray,sophronius-of-vratsa,True,2019_14-17_0974_BGR_R_C
2019_14-17_1003_BGR_R_C_oil,Cyril-Methodius,True,2019_14-17_1003_BGR_R_C
2019_14-17_1003_BGR_R_C_water,Cyril-Methodius,True,2019_14-17_1003_BGR_R_C
2019_14-17_1003_BGR_R_C_texture,Cyril-Methodius,True,2019_14-17_1003_BGR_R_C
2019_14-17_1003_BGR_R_C_pencil_gray,Cyril-Methodius,True,2019_14-17_1003_BGR_R_C
2019_14-17_1003_BGR_R_C_gray,Cyril-Methodius,True,2019_14-17_1003_BGR_R_C
2019_14-17_1003_BGR_R_C_oil,cyrille-et-methode,True,2019_14-17_1003_BGR_R_C
2019_14-17_1003_BGR_R_C_water,cyrille-et-methode,True,2019_14-17_1003_BGR_R_C
2019_14-17_1003_BGR_R_C_texture,cyrille-et-methode,True,2019_14-17_1003_BGR_R_C
2019_14-17_1003_BGR_R_C_pencil_gray,cyrille-et-methode,True,2019_14-17_1003_BGR_R_C
2019_14-17_1003_BGR_R_C_gray,cyrille-et-methode,True,2019_14-17_1003_BGR_R_C
2019_14-17_1437_LVA_R_C_oil,love-island,True,2019_14-17_1437_LVA_R_C
2019_14-17_1437_LVA_R_C_water,love-island,True,2019_14-17_1437_LVA_R_C
2019_14-17_1437_LVA_R_C_texture,love-island,True,2019_14-17_1437_LVA_R_C
2019_14-17_1437_LVA_R_C_pencil_gray,love-island,True,2019_14-17_1437_LVA_R_C
2019_14-17_1437_LVA_R_C_gray,love-island,True,2019_14-17_1437_LVA_R_C
2019_14-17_1895_COL_R_C_oil,stan-lee,True,2019_14-17_1895_COL_R_C
2019_14-17_1895_COL_R_C_water,stan-lee,True,2019_14-17_1895_COL_R_C
2019_14-17_1895_COL_R_C_texture,stan-lee,True,2019_14-17_1895_COL_R_C
2019_14-17_1895_COL_R_C_pencil_gray,stan-lee,True,2019_14-17_1895_COL_R_C
2019_14-17_1895_COL_R_C_gray,stan-lee,True,2019_14-17_1895_COL_R_C
2009_14-17_1787_ISL_R_C_oil,marilyn-manroe,True,2009_14-17_1787_ISL_R_C
2009_14-17_1787_ISL_R_C_water,marilyn-manroe,True,2009_14-17_1787_ISL_R_C
2009_14-17_1787_ISL_R_C_texture,marilyn-manroe,True,2009_14-17_1787_ISL_R_C
2009_14-17_1787_ISL_R_C_pencil_gray,marilyn-manroe,True,2009_14-17_1787_ISL_R_C
2009_14-17_1787_ISL_R_C_gray,marilyn-manroe,True,2009_14-17_1787_ISL_R_C
2020_14-17_0792_ITA_R_C_oil,caspar-david-friedrich_the-wanderer-above-the-sea-of-fog,True,2020_14-17_0792_ITA_R_C
2020_14-17_0792_ITA_R_C_water,caspar-david-friedrich_the-wanderer-above-the-sea-of-fog,True,2020_14-17_0792_ITA_R_C
2020_14-17_0792_ITA_R_C_texture,caspar-david-friedrich_the-wanderer-above-the-sea-of-fog,True,2020_14-17_0792_ITA_R_C
2020_14-17_0792_ITA_R_C_pencil_gray,caspar-david-friedrich_the-wanderer-above-the-sea-of-fog,True,2020_14-17_0792_ITA_R_C
2020_14-17_0792_ITA_R_C_gray,caspar-david-friedrich_the-wanderer-above-the-sea-of-fog,True,2020_14-17_0792_ITA_R_C
2018_14-17_0060_KAZ_R_C_oil,disney_sleeping-beauty-castle,True,2018_14-17_0060_KAZ_R_C
2018_14-17_0060_KAZ_R_C_water,disney_sleeping-beauty-castle,True,2018_14-17_0060_KAZ_R_C
2018_14-17_0060_KAZ_R_C_texture,disney_sleeping-beauty-castle,True,2018_14-17_0060_KAZ_R_C
2018_14-17_0060_KAZ_R_C_pencil_gray,disney_sleeping-beauty-castle,True,2018_14-17_0060_KAZ_R_C
2018_14-17_0060_KAZ_R_C_gray,disney_sleeping-beauty-castle,True,2018_14-17_0060_KAZ_R_C
2018_14-17_1185_UKR_R_C_oil,tobias-verhaecht_the-tower-of-babel-1,True,2018_14-17_1185_UKR_R_C
2018_14-17_1185_UKR_R_C_water,tobias-verhaecht_the-tower-of-babel-1,True,2018_14-17_1185_UKR_R_C
2018_14-17_1185_UKR_R_C_texture,tobias-verhaecht_the-tower-of-babel-1,True,2018_14-17_1185_UKR_R_C
2018_14-17_1185_UKR_R_C_pencil_gray,tobias-verhaecht_the-tower-of-babel-1,True,2018_14-17_1185_UKR_R_C
2018_14-17_1185_UKR_R_C_gray,tobias-verhaecht_the-tower-of-babel-1,True,2018_14-17_1185_UKR_R_C
2018_14-17_1653_SGP_a_R_C_oil,Monument_Women-of-World-War-II,True,2018_14-17_1653_SGP_a_R_C
2018_14-17_1653_SGP_a_R_C_water,Monument_Women-of-World-War-II,True,2018_14-17_1653_SGP_a_R_C
2018_14-17_1653_SGP_a_R_C_texture,Monument_Women-of-World-War-II,True,2018_14-17_1653_SGP_a_R_C
2018_14-17_1653_SGP_a_R_C_pencil_gray,Monument_Women-of-World-War-II,True,2018_14-17_1653_SGP_a_R_C
2018_14-17_1653_SGP_a_R_C_gray,Monument_Women-of-World-War-II,True,2018_14-17_1653_SGP_a_R_C
2018_14-17_1661_SGP_a_R_C_oil,Malcolm-Brown_Thich_Quang_Duc-self-immolation,True,2018_14-17_1661_SGP_a_R_C
2018_14-17_1661_SGP_a_R_C_water,Malcolm-Brown_Thich_Quang_Duc-self-immolation,True,2018_14-17_1661_SGP_a_R_C
2018_14-17_1661_SGP_a_R_C_texture,Malcolm-Brown_Thich_Quang_Duc-self-immolation,True,2018_14-17_1661_SGP_a_R_C
2018_14-17_1661_SGP_a_R_C_pencil_gray,Malcolm-Brown_Thich_Quang_Duc-self-immolation,True,2018_14-17_1661_SGP_a_R_C
2018_14-17_1661_SGP_a_R_C_gray,Malcolm-Brown_Thich_Quang_Duc-self-immolation,True,2018_14-17_1661_SGP_a_R_C
2012_14-17_1898_LTU_R_C_oil,Fox-and-Crow,True,2012_14-17_1898_LTU_R_C
2012_14-17_1898_LTU_R_C_water,Fox-and-Crow,True,2012_14-17_1898_LTU_R_C
2012_14-17_1898_LTU_R_C_texture,Fox-and-Crow,True,2012_14-17_1898_LTU_R_C
2012_14-17_1898_LTU_R_C_pencil_gray,Fox-and-Crow,True,2012_14-17_1898_LTU_R_C
2012_14-17_1898_LTU_R_C_gray,Fox-and-Crow,True,2012_14-17_1898_LTU_R_C
2012_14-17_2528_PRT_R_C_oil,lenda-nossa-senhora-da-oliveira,True,2012_14-17_2528_PRT_R_C
2012_14-17_2528_PRT_R_C_water,lenda-nossa-senhora-da-oliveira,True,2012_14-17_2528_PRT_R_C
2012_14-17_2528_PRT_R_C_texture,lenda-nossa-senhora-da-oliveira,True,2012_14-17_2528_PRT_R_C
2012_14-17_2528_PRT_R_C_pencil_gray,lenda-nossa-senhora-da-oliveira,True,2012_14-17_2528_PRT_R_C
2012_14-17_2528_PRT_R_C_gray,lenda-nossa-senhora-da-oliveira,True,2012_14-17_2528_PRT_R_C
2011_14-17_0068_RUS_R_C_oil,isaac-levitan_brisk-wind-volga-1885,True,2011_14-17_0068_RUS_R_C
2011_14-17_0068_RUS_R_C_water,isaac-levitan_brisk-wind-volga-1885,True,2011_14-17_0068_RUS_R_C
2011_14-17_0068_RUS_R_C_texture,isaac-levitan_brisk-wind-volga-1885,True,2011_14-17_0068_RUS_R_C
2011_14-17_0068_RUS_R_C_pencil_gray,isaac-levitan_brisk-wind-volga-1885,True,2011_14-17_0068_RUS_R_C
2011_14-17_0068_RUS_R_C_gray,isaac-levitan_brisk-wind-volga-1885,True,2011_14-17_0068_RUS_R_C
2011_14-17_1853_UKR_R_C_oil,Leonardo_da_Vinci_23,True,2011_14-17_1853_UKR_R_C
2011_14-17_1853_UKR_R_C_water,Leonardo_da_Vinci_23,True,2011_14-17_1853_UKR_R_C
2011_14-17_1853_UKR_R_C_texture,Leonardo_da_Vinci_23,True,2011_14-17_1853_UKR_R_C
2011_14-17_1853_UKR_R_C_pencil_gray,Leonardo_da_Vinci_23,True,2011_14-17_1853_UKR_R_C
2011_14-17_1853_UKR_R_C_gray,Leonardo_da_Vinci_23,True,2011_14-17_1853_UKR_R_C
2010_14-17_0347_RUS_R_C_oil,santa-and-reindeer,True,2010_14-17_0347_RUS_R_C
2010_14-17_0347_RUS_R_C_water,santa-and-reindeer,True,2010_14-17_0347_RUS_R_C
2010_14-17_0347_RUS_R_C_texture,santa-and-reindeer,True,2010_14-17_0347_RUS_R_C
2010_14-17_0347_RUS_R_C_pencil_gray,santa-and-reindeer,True,2010_14-17_0347_RUS_R_C
2010_14-17_0347_RUS_R_C_gray,santa-and-reindeer,True,2010_14-17_0347_RUS_R_C
2010_14-17_3477_ITA_R_C_oil,audrey-hepburn-cigarette,True,2010_14-17_3477_ITA_R_C
2010_14-17_3477_ITA_R_C_water,audrey-hepburn-cigarette,True,2010_14-17_3477_ITA_R_C
2010_14-17_3477_ITA_R_C_texture,audrey-hepburn-cigarette,True,2010_14-17_3477_ITA_R_C
2010_14-17_3477_ITA_R_C_pencil_gray,audrey-hepburn-cigarette,True,2010_14-17_3477_ITA_R_C
2010_14-17_3477_ITA_R_C_gray,audrey-hepburn-cigarette,True,2010_14-17_3477_ITA_R_C
2010_18-25_9999_ITA_R_C_oil,audrey-hepburn-cigarette,True,2010_18-25_9999_ITA_R_C
2010_18-25_9999_ITA_R_C_water,audrey-hepburn-cigarette,True,2010_18-25_9999_ITA_R_C
2010_18-25_9999_ITA_R_C_texture,audrey-hepburn-cigarette,True,2010_18-25_9999_ITA_R_C
2010_18-25_9999_ITA_R_C_pencil_gray,audrey-hepburn-cigarette,True,2010_18-25_9999_ITA_R_C
2010_18-25_9999_ITA_R_C_gray,audrey-hepburn-cigarette,True,2010_18-25_9999_ITA_R_C
2016_14-17_0158_ECU_R_C_oil,andean_condor_vultur_gryphus,True,2016_14-17_0158_ECU_R_C
2016_14-17_0158_ECU_R_C_water,andean_condor_vultur_gryphus,True,2016_14-17_0158_ECU_R_C
2016_14-17_0158_ECU_R_C_texture,andean_condor_vultur_gryphus,True,2016_14-17_0158_ECU_R_C
2016_14-17_0158_ECU_R_C_pencil_gray,andean_condor_vultur_gryphus,True,2016_14-17_0158_ECU_R_C
2016_14-17_0158_ECU_R_C_gray,andean_condor_vultur_gryphus,True,2016_14-17_0158_ECU_R_C
2016_14-17_0870_EST_R_C_oil,northern-lapwing,True,2016_14-17_0870_EST_R_C
2016_14-17_0870_EST_R_C_water,northern-lapwing,True,2016_14-17_0870_EST_R_C
2016_14-17_0870_EST_R_C_texture,northern-lapwing,True,2016_14-17_0870_EST_R_C
2016_14-17_0870_EST_R_C_pencil_gray,northern-lapwing,True,2016_14-17_0870_EST_R_C
2016_14-17_0870_EST_R_C_gray,northern-lapwing,True,2016_14-17_0870_EST_R_C
2016_14-17_0908_ITA_R_C_oil,wolf-at-night(2),True,2016_14-17_0908_ITA_R_C
2016_14-17_0908_ITA_R_C_water,wolf-at-night(2),True,2016_14-17_0908_ITA_R_C
2016_14-17_0908_ITA_R_C_texture,wolf-at-night(2),True,2016_14-17_0908_ITA_R_C
2016_14-17_0908_ITA_R_C_pencil_gray,wolf-at-night(2),True,2016_14-17_0908_ITA_R_C
2016_14-17_0908_ITA_R_C_gray,wolf-at-night(2),True,2016_14-17_0908_ITA_R_C
2016_14-17_0917_ITA_R_C_oil,wolf-at-night(2),True,2016_14-17_0917_ITA_R_C
2016_14-17_0917_ITA_R_C_water,wolf-at-night(2),True,2016_14-17_0917_ITA_R_C
2016_14-17_0917_ITA_R_C_texture,wolf-at-night(2),True,2016_14-17_0917_ITA_R_C
2016_14-17_0917_ITA_R_C_pencil_gray,wolf-at-night(2),True,2016_14-17_0917_ITA_R_C
2016_14-17_0917_ITA_R_C_gray,wolf-at-night(2),True,2016_14-17_0917_ITA_R_C
2016_14-17_1037_TCH_R_C_oil,flamingo-neck,True,2016_14-17_1037_TCH_R_C
2016_14-17_1037_TCH_R_C_water,flamingo-neck,True,2016_14-17_1037_TCH_R_C
2016_14-17_1037_TCH_R_C_texture,flamingo-neck,True,2016_14-17_1037_TCH_R_C
2016_14-17_1037_TCH_R_C_pencil_gray,flamingo-neck,True,2016_14-17_1037_TCH_R_C
2016_14-17_1037_TCH_R_C_gray,flamingo-neck,True,2016_14-17_1037_TCH_R_C
2016_14-17_1039_TCH_R_C_oil,african-leopard,True,2016_14-17_1039_TCH_R_C
2016_14-17_1039_TCH_R_C_water,african-leopard,True,2016_14-17_1039_TCH_R_C
2016_14-17_1039_TCH_R_C_texture,african-leopard,True,2016_14-17_1039_TCH_R_C
2016_14-17_1039_TCH_R_C_pencil_gray,african-leopard,True,2016_14-17_1039_TCH_R_C
2016_14-17_1039_TCH_R_C_gray,african-leopard,True,2016_14-17_1039_TCH_R_C
2016_14-17_1042_TCH_R_C_oil,pelican-mouth,True,2016_14-17_1042_TCH_R_C
2016_14-17_1042_TCH_R_C_water,pelican-mouth,True,2016_14-17_1042_TCH_R_C
2016_14-17_1042_TCH_R_C_texture,pelican-mouth,True,2016_14-17_1042_TCH_R_C
2016_14-17_1042_TCH_R_C_pencil_gray,pelican-mouth,True,2016_14-17_1042_TCH_R_C
2016_14-17_1042_TCH_R_C_gray,pelican-mouth,True,2016_14-17_1042_TCH_R_C
2016_14-17_1056_SGP_R_C_oil,sea-turtle,True,2016_14-17_1056_SGP_R_C
2016_14-17_1056_SGP_R_C_water,sea-turtle,True,2016_14-17_1056_SGP_R_C
2016_14-17_1056_SGP_R_C_texture,sea-turtle,True,2016_14-17_1056_SGP_R_C
2016_14-17_1056_SGP_R_C_pencil_gray,sea-turtle,True,2016_14-17_1056_SGP_R_C
2016_14-17_1056_SGP_R_C_gray,sea-turtle,True,2016_14-17_1056_SGP_R_C
2016_14-17_1111_ITA_R_C_oil,caspar-david-friedrich_the-wanderer-above-the-sea-of-fog,True,2016_14-17_1111_ITA_R_C
2016_14-17_1111_ITA_R_C_water,caspar-david-friedrich_the-wanderer-above-the-sea-of-fog,True,2016_14-17_1111_ITA_R_C
2016_14-17_1111_ITA_R_C_texture,caspar-david-friedrich_the-wanderer-above-the-sea-of-fog,True,2016_14-17_1111_ITA_R_C
2016_14-17_1111_ITA_R_C_pencil_gray,caspar-david-friedrich_the-wanderer-above-the-sea-of-fog,True,2016_14-17_1111_ITA_R_C
2016_14-17_1111_ITA_R_C_gray,caspar-david-friedrich_the-wanderer-above-the-sea-of-fog,True,2016_14-17_1111_ITA_R_C
2016_14-17_1453_MEX_R_C_oil,toco-toucan,True,2016_14-17_1453_MEX_R_C
2016_14-17_1453_MEX_R_C_water,toco-toucan,True,2016_14-17_1453_MEX_R_C
2016_14-17_1453_MEX_R_C_texture,toco-toucan,True,2016_14-17_1453_MEX_R_C
2016_14-17_1453_MEX_R_C_pencil_gray,toco-toucan,True,2016_14-17_1453_MEX_R_C
2016_14-17_1453_MEX_R_C_gray,toco-toucan,True,2016_14-17_1453_MEX_R_C
2016_14-17_1456_MEX_R_C_oil,toco-toucan(2),True,2016_14-17_1456_MEX_R_C
2016_14-17_1456_MEX_R_C_water,toco-toucan(2),True,2016_14-17_1456_MEX_R_C
2016_14-17_1456_MEX_R_C_texture,toco-toucan(2),True,2016_14-17_1456_MEX_R_C
2016_14-17_1456_MEX_R_C_pencil_gray,toco-toucan(2),True,2016_14-17_1456_MEX_R_C
2016_14-17_1456_MEX_R_C_gray,toco-toucan(2),True,2016_14-17_1456_MEX_R_C
2016_14-17_1819_BEL_R_C_oil,simba-intro,True,2016_14-17_1819_BEL_R_C
2016_14-17_1819_BEL_R_C_water,simba-intro,True,2016_14-17_1819_BEL_R_C
2016_14-17_1819_BEL_R_C_texture,simba-intro,True,2016_14-17_1819_BEL_R_C
2016_14-17_1819_BEL_R_C_pencil_gray,simba-intro,True,2016_14-17_1819_BEL_R_C
2016_14-17_1819_BEL_R_C_gray,simba-intro,True,2016_14-17_1819_BEL_R_C
2014_14-17_1763_THA_R_C_oil,Vincent_van_Gogh_368,True,2014_14-17_1763_THA_R_C
2014_14-17_1763_THA_R_C_water,Vincent_van_Gogh_368,True,2014_14-17_1763_THA_R_C
2014_14-17_1763_THA_R_C_texture,Vincent_van_Gogh_368,True,2014_14-17_1763_THA_R_C
2014_14-17_1763_THA_R_C_pencil_gray,Vincent_van_Gogh_368,True,2014_14-17_1763_THA_R_C
2014_14-17_1763_THA_R_C_gray,Vincent_van_Gogh_368,True,2014_14-17_1763_THA_R_C
2020_14-17_0850_ITA_R_C_oil,caspar-david-friedrich_the-wanderer-above-the-sea-of-fog,True,2020_14-17_0850_ITA_R_C
2020_14-17_0850_ITA_R_C_water,caspar-david-friedrich_the-wanderer-above-the-sea-of-fog,True,2020_14-17_0850_ITA_R_C
2020_14-17_0850_ITA_R_C_texture,caspar-david-friedrich_the-wanderer-above-the-sea-of-fog,True,2020_14-17_0850_ITA_R_C
2020_14-17_0850_ITA_R_C_pencil_gray,caspar-david-friedrich_the-wanderer-above-the-sea-of-fog,True,2020_14-17_0850_ITA_R_C
2020_14-17_0850_ITA_R_C_gray,caspar-david-friedrich_the-wanderer-above-the-sea-of-fog,True,2020_14-17_0850_ITA_R_C
2020_14-17_0852_ITA_R_C_oil,Vincent_van_Gogh_368,True,2020_14-17_0852_ITA_R_C
2020_14-17_0852_ITA_R_C_water,Vincent_van_Gogh_368,True,2020_14-17_0852_ITA_R_C
2020_14-17_0852_ITA_R_C_texture,Vincent_van_Gogh_368,True,2020_14-17_0852_ITA_R_C
2020_14-17_0852_ITA_R_C_pencil_gray,Vincent_van_Gogh_368,True,2020_14-17_0852_ITA_R_C
2020_14-17_0852_ITA_R_C_gray,Vincent_van_Gogh_368,True,2020_14-17_0852_ITA_R_C
2014_14-17_0414_MYS_R_C_oil,penang-water-falls,True,2014_14-17_0414_MYS_R_C
2014_14-17_0414_MYS_R_C_water,penang-water-falls,True,2014_14-17_0414_MYS_R_C
2014_14-17_0414_MYS_R_C_texture,penang-water-falls,True,2014_14-17_0414_MYS_R_C
2014_14-17_0414_MYS_R_C_pencil_gray,penang-water-falls,True,2014_14-17_0414_MYS_R_C
2014_14-17_0414_MYS_R_C_gray,penang-water-falls,True,2014_14-17_0414_MYS_R_C
2014_14-17_1436_FRA_R_C_oil,white-cougar-logo,True,2014_14-17_1436_FRA_R_C
2014_14-17_1436_FRA_R_C_water,white-cougar-logo,True,2014_14-17_1436_FRA_R_C
2014_14-17_1436_FRA_R_C_texture,white-cougar-logo,True,2014_14-17_1436_FRA_R_C
2014_14-17_1436_FRA_R_C_pencil_gray,white-cougar-logo,True,2014_14-17_1436_FRA_R_C
2014_14-17_1436_FRA_R_C_gray,white-cougar-logo,True,2014_14-17_1436_FRA_R_C
2014_14-17_2007_UKR_R_C_oil,white-stallion-jayne-pinnix,True,2014_14-17_2007_UKR_R_C
2014_14-17_2007_UKR_R_C_water,white-stallion-jayne-pinnix,True,2014_14-17_2007_UKR_R_C
2014_14-17_2007_UKR_R_C_texture,white-stallion-jayne-pinnix,True,2014_14-17_2007_UKR_R_C
2014_14-17_2007_UKR_R_C_pencil_gray,white-stallion-jayne-pinnix,True,2014_14-17_2007_UKR_R_C
2014_14-17_2007_UKR_R_C_gray,white-stallion-jayne-pinnix,True,2014_14-17_2007_UKR_R_C
1996_14-17_0640_BUL_R_C_oil,henri-fantin-latour_lilacs-1872,True,1996_14-17_0640_BUL_R_C
1996_14-17_0640_BUL_R_C_water,henri-fantin-latour_lilacs-1872,True,1996_14-17_0640_BUL_R_C
1996_14-17_0640_BUL_R_C_texture,henri-fantin-latour_lilacs-1872,True,1996_14-17_0640_BUL_R_C
1996_14-17_0640_BUL_R_C_pencil_gray,henri-fantin-latour_lilacs-1872,True,1996_14-17_0640_BUL_R_C
1996_14-17_0640_BUL_R_C_gray,henri-fantin-latour_lilacs-1872,True,1996_14-17_0640_BUL_R_C
1998_14-17_0002_ROU_R_C_oil,mihai-eminescu,True,1998_14-17_0002_ROU_R_C
1998_14-17_0002_ROU_R_C_water,mihai-eminescu,True,1998_14-17_0002_ROU_R_C
1998_14-17_0002_ROU_R_C_texture,mihai-eminescu,True,1998_14-17_0002_ROU_R_C
1998_14-17_0002_ROU_R_C_pencil_gray,mihai-eminescu,True,1998_14-17_0002_ROU_R_C
1998_14-17_0002_ROU_R_C_gray,mihai-eminescu,True,1998_14-17_0002_ROU_R_C
1998_14-17_0177_BKF_R_C_crop_oil,almamy-samory-touré,True,1998_14-17_0177_BKF_R_C_crop
1998_14-17_0177_BKF_R_C_crop_water,almamy-samory-touré,True,1998_14-17_0177_BKF_R_C_crop
1998_14-17_0177_BKF_R_C_crop_texture,almamy-samory-touré,True,1998_14-17_0177_BKF_R_C_crop
1998_14-17_0177_BKF_R_C_crop_pencil_gray,almamy-samory-touré,True,1998_14-17_0177_BKF_R_C_crop
1998_14-17_0177_BKF_R_C_crop_gray,almamy-samory-touré,True,1998_14-17_0177_BKF_R_C_crop
1998_14-17_0366_TCH_R_C_oil,pisek-town-hall,True,1998_14-17_0366_TCH_R_C
1998_14-17_0366_TCH_R_C_water,pisek-town-hall,True,1998_14-17_0366_TCH_R_C
1998_14-17_0366_TCH_R_C_texture,pisek-town-hall,True,1998_14-17_0366_TCH_R_C
1998_14-17_0366_TCH_R_C_pencil_gray,pisek-town-hall,True,1998_14-17_0366_TCH_R_C
1998_14-17_0366_TCH_R_C_gray,pisek-town-hall,True,1998_14-17_0366_TCH_R_C
1998_14-17_0506_INE_R_C_oil,buddha-eyes-closed,True,1998_14-17_0506_INE_R_C
1998_14-17_0506_INE_R_C_water,buddha-eyes-closed,True,1998_14-17_0506_INE_R_C
1998_14-17_0506_INE_R_C_texture,buddha-eyes-closed,True,1998_14-17_0506_INE_R_C
1998_14-17_0506_INE_R_C_pencil_gray,buddha-eyes-closed,True,1998_14-17_0506_INE_R_C
1998_14-17_0506_INE_R_C_gray,buddha-eyes-closed,True,1998_14-17_0506_INE_R_C
1998_14-17_0615_CHN_R_C_oil,xu-beihong_rooster-1943,True,1998_14-17_0615_CHN_R_C
1998_14-17_0615_CHN_R_C_water,xu-beihong_rooster-1943,True,1998_14-17_0615_CHN_R_C
1998_14-17_0615_CHN_R_C_texture,xu-beihong_rooster-1943,True,1998_14-17_0615_CHN_R_C
1998_14-17_0615_CHN_R_C_pencil_gray,xu-beihong_rooster-1943,True,1998_14-17_0615_CHN_R_C
1998_14-17_0615_CHN_R_C_gray,xu-beihong_rooster-1943,True,1998_14-17_0615_CHN_R_C
1998_14-17_0611_CHN_R_C_oil,xu-beihong_bamboo,True,1998_14-17_0611_CHN_R_C
1998_14-17_0611_CHN_R_C_water,xu-beihong_bamboo,True,1998_14-17_0611_CHN_R_C
1998_14-17_0611_CHN_R_C_texture,xu-beihong_bamboo,True,1998_14-17_0611_CHN_R_C
1998_14-17_0611_CHN_R_C_pencil_gray,xu-beihong_bamboo,True,1998_14-17_0611_CHN_R_C
1998_14-17_0611_CHN_R_C_gray,xu-beihong_bamboo,True,1998_14-17_0611_CHN_R_C
1998_14-17_0612_CHN_R_C_oil,plum-blossom-paper,True,1998_14-17_0612_CHN_R_C
1998_14-17_0612_CHN_R_C_water,plum-blossom-paper,True,1998_14-17_0612_CHN_R_C
1998_14-17_0612_CHN_R_C_texture,plum-blossom-paper,True,1998_14-17_0612_CHN_R_C
1998_14-17_0612_CHN_R_C_pencil_gray,plum-blossom-paper,True,1998_14-17_0612_CHN_R_C
1998_14-17_0612_CHN_R_C_gray,plum-blossom-paper,True,1998_14-17_0612_CHN_R_C
1998_14-17_0614_CHN_R_C_oil,dragon-fly-and-lotus,True,1998_14-17_0614_CHN_R_C
1998_14-17_0614_CHN_R_C_water,dragon-fly-and-lotus,True,1998_14-17_0614_CHN_R_C
1998_14-17_0614_CHN_R_C_texture,dragon-fly-and-lotus,True,1998_14-17_0614_CHN_R_C
1998_14-17_0614_CHN_R_C_pencil_gray,dragon-fly-and-lotus,True,1998_14-17_0614_CHN_R_C
1998_14-17_0614_CHN_R_C_gray,dragon-fly-and-lotus,True,1998_14-17_0614_CHN_R_C
1998_14-17_0614B_CHN_R_C_oil,dragon-fly-and-lotus,True,1998_14-17_0614B_CHN_R_C
1998_14-17_0614B_CHN_R_C_water,dragon-fly-and-lotus,True,1998_14-17_0614B_CHN_R_C
1998_14-17_0614B_CHN_R_C_texture,dragon-fly-and-lotus,True,1998_14-17_0614B_CHN_R_C
1998_14-17_0614B_CHN_R_C_pencil_gray,dragon-fly-and-lotus,True,1998_14-17_0614B_CHN_R_C
1998_14-17_0614B_CHN_R_C_gray,dragon-fly-and-lotus,True,1998_14-17_0614B_CHN_R_C
1998_14-17_0617_CHN_R_C_oil,chinese-dragon-engraving,True,1998_14-17_0617_CHN_R_C
1998_14-17_0617_CHN_R_C_water,chinese-dragon-engraving,True,1998_14-17_0617_CHN_R_C
1998_14-17_0617_CHN_R_C_texture,chinese-dragon-engraving,True,1998_14-17_0617_CHN_R_C
1998_14-17_0617_CHN_R_C_pencil_gray,chinese-dragon-engraving,True,1998_14-17_0617_CHN_R_C
1998_14-17_0617_CHN_R_C_gray,chinese-dragon-engraving,True,1998_14-17_0617_CHN_R_C
1998_14-17_0620_CHN_R_C_oil,zhang-daqian_pink-red-lotus,True,1998_14-17_0620_CHN_R_C
1998_14-17_0620_CHN_R_C_water,zhang-daqian_pink-red-lotus,True,1998_14-17_0620_CHN_R_C
1998_14-17_0620_CHN_R_C_texture,zhang-daqian_pink-red-lotus,True,1998_14-17_0620_CHN_R_C
1998_14-17_0620_CHN_R_C_pencil_gray,zhang-daqian_pink-red-lotus,True,1998_14-17_0620_CHN_R_C
1998_14-17_0620_CHN_R_C_gray,zhang-daqian_pink-red-lotus,True,1998_14-17_0620_CHN_R_C
1998_14-17_0753_CHN_R_C_oil,lotus-and-bird,True,1998_14-17_0753_CHN_R_C
1998_14-17_0753_CHN_R_C_water,lotus-and-bird,True,1998_14-17_0753_CHN_R_C
1998_14-17_0753_CHN_R_C_texture,lotus-and-bird,True,1998_14-17_0753_CHN_R_C
1998_14-17_0753_CHN_R_C_pencil_gray,lotus-and-bird,True,1998_14-17_0753_CHN_R_C
1998_14-17_0753_CHN_R_C_gray,lotus-and-bird,True,1998_14-17_0753_CHN_R_C
1998_18-25_5_0055_oil,soltaniyeh-dome,True,1998_18-25_5_0055
1998_18-25_5_0055_water,soltaniyeh-dome,True,1998_18-25_5_0055
1998_18-25_5_0055_texture,soltaniyeh-dome,True,1998_18-25_5_0055
1998_18-25_5_0055_pencil_gray,soltaniyeh-dome,True,1998_18-25_5_0055
1998_18-25_5_0055_gray,soltaniyeh-dome,True,1998_18-25_5_0055
1998_18-25_0060_IRA_R_C_oil,achaemenid-persian-lion-rhyton_Persepolis,True,1998_18-25_0060_IRA_R_C
1998_18-25_0060_IRA_R_C_water,achaemenid-persian-lion-rhyton_Persepolis,True,1998_18-25_0060_IRA_R_C
1998_18-25_0060_IRA_R_C_texture,achaemenid-persian-lion-rhyton_Persepolis,True,1998_18-25_0060_IRA_R_C
1998_18-25_0060_IRA_R_C_pencil_gray,achaemenid-persian-lion-rhyton_Persepolis,True,1998_18-25_0060_IRA_R_C
1998_18-25_0060_IRA_R_C_gray,achaemenid-persian-lion-rhyton_Persepolis,True,1998_18-25_0060_IRA_R_C
1998_18-25_0092_LBA_R_C_oil,baalbek_temple-of-jupiter,True,1998_18-25_0092_LBA_R_C
1998_18-25_0092_LBA_R_C_water,baalbek_temple-of-jupiter,True,1998_18-25_0092_LBA_R_C
1998_18-25_0092_LBA_R_C_texture,baalbek_temple-of-jupiter,True,1998_18-25_0092_LBA_R_C
1998_18-25_0092_LBA_R_C_pencil_gray,baalbek_temple-of-jupiter,True,1998_18-25_0092_LBA_R_C
1998_18-25_0092_LBA_R_C_gray,baalbek_temple-of-jupiter,True,1998_18-25_0092_LBA_R_C
1998_18-25_0185_HON_R_C_oil,folkins_yellow-pitcher-and-three-apples,True,1998_18-25_0185_HON_R_C
1998_18-25_0185_HON_R_C_water,folkins_yellow-pitcher-and-three-apples,True,1998_18-25_0185_HON_R_C
1998_18-25_0185_HON_R_C_texture,folkins_yellow-pitcher-and-three-apples,True,1998_18-25_0185_HON_R_C
1998_18-25_0185_HON_R_C_pencil_gray,folkins_yellow-pitcher-and-three-apples,True,1998_18-25_0185_HON_R_C
1998_18-25_0185_HON_R_C_gray,folkins_yellow-pitcher-and-three-apples,True,1998_18-25_0185_HON_R_C
1998_18-25_0202_IRA_R_0002_C_oil,discobolus,True,1998_18-25_0202_IRA_R_0002_C
1998_18-25_0202_IRA_R_0002_C_water,discobolus,True,1998_18-25_0202_IRA_R_0002_C
1998_18-25_0202_IRA_R_0002_C_texture,discobolus,True,1998_18-25_0202_IRA_R_0002_C
1998_18-25_0202_IRA_R_0002_C_pencil_gray,discobolus,True,1998_18-25_0202_IRA_R_0002_C
1998_18-25_0202_IRA_R_0002_C_gray,discobolus,True,1998_18-25_0202_IRA_R_0002_C
2008_14-17_5206_TCH_R_C_oil,unicorn-plus-pegasus,True,2008_14-17_5206_TCH_R_C
2008_14-17_5206_TCH_R_C_water,unicorn-plus-pegasus,True,2008_14-17_5206_TCH_R_C
2008_14-17_5206_TCH_R_C_texture,unicorn-plus-pegasus,True,2008_14-17_5206_TCH_R_C
2008_14-17_5206_TCH_R_C_pencil_gray,unicorn-plus-pegasus,True,2008_14-17_5206_TCH_R_C
2008_14-17_5206_TCH_R_C_gray,unicorn-plus-pegasus,True,2008_14-17_5206_TCH_R_C
1995_14-17_0710_SRI_R_C_oil,sigiriya-damsel,True,1995_14-17_0710_SRI_R_C
1995_14-17_0710_SRI_R_C_water,sigiriya-damsel,True,1995_14-17_0710_SRI_R_C
1995_14-17_0710_SRI_R_C_texture,sigiriya-damsel,True,1995_14-17_0710_SRI_R_C
1995_14-17_0710_SRI_R_C_pencil_gray,sigiriya-damsel,True,1995_14-17_0710_SRI_R_C
1995_14-17_0710_SRI_R_C_gray,sigiriya-damsel,True,1995_14-17_0710_SRI_R_C
1995_14-17_0280_GRE_R_C_oil,Vincent_van_Gogh_76,True,1995_14-17_0280_GRE_R_C
1995_14-17_0280_GRE_R_C_water,Vincent_van_Gogh_76,True,1995_14-17_0280_GRE_R_C
1995_14-17_0280_GRE_R_C_texture,Vincent_van_Gogh_76,True,1995_14-17_0280_GRE_R_C
1995_14-17_0280_GRE_R_C_pencil_gray,Vincent_van_Gogh_76,True,1995_14-17_0280_GRE_R_C
1995_14-17_0280_GRE_R_C_gray,Vincent_van_Gogh_76,True,1995_14-17_0280_GRE_R_C
2014_14-17_0434_MYS_R_C_oil,katsushika-hokusai_the-great-wave-off-kanagawa,True,2014_14-17_0434_MYS_R_C
2014_14-17_0434_MYS_R_C_water,katsushika-hokusai_the-great-wave-off-kanagawa,True,2014_14-17_0434_MYS_R_C
2014_14-17_0434_MYS_R_C_texture,katsushika-hokusai_the-great-wave-off-kanagawa,True,2014_14-17_0434_MYS_R_C
2014_14-17_0434_MYS_R_C_pencil_gray,katsushika-hokusai_the-great-wave-off-kanagawa,True,2014_14-17_0434_MYS_R_C
2014_14-17_0434_MYS_R_C_gray,katsushika-hokusai_the-great-wave-off-kanagawa,True,2014_14-17_0434_MYS_R_C
2005_14-17_0245_GRE_R_C_oil,ilya-mashkov_cherry-1939,True,2005_14-17_0245_GRE_R_C
2005_14-17_0245_GRE_R_C_water,ilya-mashkov_cherry-1939,True,2005_14-17_0245_GRE_R_C
2005_14-17_0245_GRE_R_C_texture,ilya-mashkov_cherry-1939,True,2005_14-17_0245_GRE_R_C
2005_14-17_0245_GRE_R_C_pencil_gray,ilya-mashkov_cherry-1939,True,2005_14-17_0245_GRE_R_C
2005_14-17_0245_GRE_R_C_gray,ilya-mashkov_cherry-1939,True,2005_14-17_0245_GRE_R_C
2014_14-17_1764_THA_R_C_oil,Vincent_van_Gogh_368,True,2014_14-17_1764_THA_R_C
2014_14-17_1764_THA_R_C_water,Vincent_van_Gogh_368,True,2014_14-17_1764_THA_R_C
2014_14-17_1764_THA_R_C_texture,Vincent_van_Gogh_368,True,2014_14-17_1764_THA_R_C
2014_14-17_1764_THA_R_C_pencil_gray,Vincent_van_Gogh_368,True,2014_14-17_1764_THA_R_C
2014_14-17_1764_THA_R_C_gray,Vincent_van_Gogh_368,True,2014_14-17_1764_THA_R_C
2011_14-17_1360_POL_R_C_oil,Vincent_van_Gogh_368,True,2011_14-17_1360_POL_R_C
2011_14-17_1360_POL_R_C_water,Vincent_van_Gogh_368,True,2011_14-17_1360_POL_R_C
2011_14-17_1360_POL_R_C_texture,Vincent_van_Gogh_368,True,2011_14-17_1360_POL_R_C
2011_14-17_1360_POL_R_C_pencil_gray,Vincent_van_Gogh_368,True,2011_14-17_1360_POL_R_C
2011_14-17_1360_POL_R_C_gray,Vincent_van_Gogh_368,True,2011_14-17_1360_POL_R_C
2020_14-17_2051_UKR_R_C_oil,gustav-klimt_the-kiss-1908(1),True,2020_14-17_2051_UKR_R_C
2020_14-17_2051_UKR_R_C_water,gustav-klimt_the-kiss-1908(1),True,2020_14-17_2051_UKR_R_C
2020_14-17_2051_UKR_R_C_texture,gustav-klimt_the-kiss-1908(1),True,2020_14-17_2051_UKR_R_C
2020_14-17_2051_UKR_R_C_pencil_gray,gustav-klimt_the-kiss-1908(1),True,2020_14-17_2051_UKR_R_C
2020_14-17_2051_UKR_R_C_gray,gustav-klimt_the-kiss-1908(1),True,2020_14-17_2051_UKR_R_C
1998_14-17_0729_FRA_R_C_oil,pierre-auguste-renoir_the-luncheon-of-the-boating-party-1881-1,True,1998_14-17_0729_FRA_R_C
1998_14-17_0729_FRA_R_C_water,pierre-auguste-renoir_the-luncheon-of-the-boating-party-1881-1,True,1998_14-17_0729_FRA_R_C
1998_14-17_0729_FRA_R_C_texture,pierre-auguste-renoir_the-luncheon-of-the-boating-party-1881-1,True,1998_14-17_0729_FRA_R_C
1998_14-17_0729_FRA_R_C_pencil_gray,pierre-auguste-renoir_the-luncheon-of-the-boating-party-1881-1,True,1998_14-17_0729_FRA_R_C
1998_14-17_0729_FRA_R_C_gray,pierre-auguste-renoir_the-luncheon-of-the-boating-party-1881-1,True,1998_14-17_0729_FRA_R_C
1998_14-17_0729_FRA_R_C_oil,vincent-van-gogh_dr-paul-gachet-1890(1),True,1998_14-17_0729_FRA_R_C
1998_14-17_0729_FRA_R_C_water,vincent-van-gogh_dr-paul-gachet-1890(1),True,1998_14-17_0729_FRA_R_C
1998_14-17_0729_FRA_R_C_texture,vincent-van-gogh_dr-paul-gachet-1890(1),True,1998_14-17_0729_FRA_R_C
1998_14-17_0729_FRA_R_C_pencil_gray,vincent-van-gogh_dr-paul-gachet-1890(1),True,1998_14-17_0729_FRA_R_C
1998_14-17_0729_FRA_R_C_gray,vincent-van-gogh_dr-paul-gachet-1890(1),True,1998_14-17_0729_FRA_R_C
1998_18-25_0214_FRA_R_C_oil,Vincent_van_Gogh_483,True,1998_18-25_0214_FRA_R_C
1998_18-25_0214_FRA_R_C_water,Vincent_van_Gogh_483,True,1998_18-25_0214_FRA_R_C
1998_18-25_0214_FRA_R_C_texture,Vincent_van_Gogh_483,True,1998_18-25_0214_FRA_R_C
1998_18-25_0214_FRA_R_C_pencil_gray,Vincent_van_Gogh_483,True,1998_18-25_0214_FRA_R_C
1998_18-25_0214_FRA_R_C_gray,Vincent_van_Gogh_483,True,1998_18-25_0214_FRA_R_C
2020_14-17_4634_UKR_R_C_crop2_oil,shuna,True,2020_14-17_4634_UKR_R_C_crop2
2020_14-17_4634_UKR_R_C_crop2_water,shuna,True,2020_14-17_4634_UKR_R_C_crop2
2020_14-17_4634_UKR_R_C_crop2_texture,shuna,True,2020_14-17_4634_UKR_R_C_crop2
2020_14-17_4634_UKR_R_C_crop2_pencil_gray,shuna,True,2020_14-17_4634_UKR_R_C_crop2
2020_14-17_4634_UKR_R_C_crop2_gray,shuna,True,2020_14-17_4634_UKR_R_C_crop2
2020_14-17_4634_UKR_R_C_crop1_oil,keisai-eisen_otonashis-tsukuda-shinchi-no-irifune-from-the-series-twelve-views-of-modern-beauties-imay-bijin,True,2020_14-17_4634_UKR_R_C_crop1
2020_14-17_4634_UKR_R_C_crop1_water,keisai-eisen_otonashis-tsukuda-shinchi-no-irifune-from-the-series-twelve-views-of-modern-beauties-imay-bijin,True,2020_14-17_4634_UKR_R_C_crop1
2020_14-17_4634_UKR_R_C_crop1_texture,keisai-eisen_otonashis-tsukuda-shinchi-no-irifune-from-the-series-twelve-views-of-modern-beauties-imay-bijin,True,2020_14-17_4634_UKR_R_C_crop1
2020_14-17_4634_UKR_R_C_crop1_pencil_gray,keisai-eisen_otonashis-tsukuda-shinchi-no-irifune-from-the-series-twelve-views-of-modern-beauties-imay-bijin,True,2020_14-17_4634_UKR_R_C_crop1
2020_14-17_4634_UKR_R_C_crop1_gray,keisai-eisen_otonashis-tsukuda-shinchi-no-irifune-from-the-series-twelve-views-of-modern-beauties-imay-bijin,True,2020_14-17_4634_UKR_R_C_crop1
1996_14-17_0051_BIE_R_C_oil,jesus_heinrich-hofmann,True,1996_14-17_0051_BIE_R_C
1996_14-17_0051_BIE_R_C_water,jesus_heinrich-hofmann,True,1996_14-17_0051_BIE_R_C
1996_14-17_0051_BIE_R_C_texture,jesus_heinrich-hofmann,True,1996_14-17_0051_BIE_R_C
1996_14-17_0051_BIE_R_C_pencil_gray,jesus_heinrich-hofmann,True,1996_14-17_0051_BIE_R_C
1996_14-17_0051_BIE_R_C_gray,jesus_heinrich-hofmann,True,1996_14-17_0051_BIE_R_C
1996_14-17_0051_BIE_R_C_oil,jesus-sharing-blessings-and-wisdom-nicholas-hodgson,True,1996_14-17_0051_BIE_R_C
1996_14-17_0051_BIE_R_C_water,jesus-sharing-blessings-and-wisdom-nicholas-hodgson,True,1996_14-17_0051_BIE_R_C
1996_14-17_0051_BIE_R_C_texture,jesus-sharing-blessings-and-wisdom-nicholas-hodgson,True,1996_14-17_0051_BIE_R_C
1996_14-17_0051_BIE_R_C_pencil_gray,jesus-sharing-blessings-and-wisdom-nicholas-hodgson,True,1996_14-17_0051_BIE_R_C
1996_14-17_0051_BIE_R_C_gray,jesus-sharing-blessings-and-wisdom-nicholas-hodgson,True,1996_14-17_0051_BIE_R_C
2020_6-9_5025_CHN_R_C_oil,Vincent_van_Gogh_368,True,2020_6-9_5025_CHN_R_C
2020_6-9_5025_CHN_R_C_water,Vincent_van_Gogh_368,True,2020_6-9_5025_CHN_R_C
2020_6-9_5025_CHN_R_C_texture,Vincent_van_Gogh_368,True,2020_6-9_5025_CHN_R_C
2020_6-9_5025_CHN_R_C_pencil_gray,Vincent_van_Gogh_368,True,2020_6-9_5025_CHN_R_C
2020_6-9_5025_CHN_R_C_gray,Vincent_van_Gogh_368,True,2020_6-9_5025_CHN_R_C
1997_14-17_0014_LBA_R_C_oil,claude-monet_regatta-at-argenteuil,True,1997_14-17_0014_LBA_R_C
1997_14-17_0014_LBA_R_C_water,claude-monet_regatta-at-argenteuil,True,1997_14-17_0014_LBA_R_C
1997_14-17_0014_LBA_R_C_texture,claude-monet_regatta-at-argenteuil,True,1997_14-17_0014_LBA_R_C
1997_14-17_0014_LBA_R_C_pencil_gray,claude-monet_regatta-at-argenteuil,True,1997_14-17_0014_LBA_R_C
1997_14-17_0014_LBA_R_C_gray,claude-monet_regatta-at-argenteuil,True,1997_14-17_0014_LBA_R_C
2000_14-17_0026_VIE_R_C_oil,Sandro_Botticelli_163,True,2000_14-17_0026_VIE_R_C
2000_14-17_0026_VIE_R_C_water,Sandro_Botticelli_163,True,2000_14-17_0026_VIE_R_C
2000_14-17_0026_VIE_R_C_texture,Sandro_Botticelli_163,True,2000_14-17_0026_VIE_R_C
2000_14-17_0026_VIE_R_C_pencil_gray,Sandro_Botticelli_163,True,2000_14-17_0026_VIE_R_C
2000_14-17_0026_VIE_R_C_gray,Sandro_Botticelli_163,True,2000_14-17_0026_VIE_R_C
2000_14-17_0443_UKR_R_C_oil,cossack_mamai,True,2000_14-17_0443_UKR_R_C
2000_14-17_0443_UKR_R_C_water,cossack_mamai,True,2000_14-17_0443_UKR_R_C
2000_14-17_0443_UKR_R_C_texture,cossack_mamai,True,2000_14-17_0443_UKR_R_C
2000_14-17_0443_UKR_R_C_pencil_gray,cossack_mamai,True,2000_14-17_0443_UKR_R_C
2000_14-17_0443_UKR_R_C_gray,cossack_mamai,True,2000_14-17_0443_UKR_R_C
2000_14-17_0896_TCH_R_C_crop_oil,tg_masaryk,True,2000_14-17_0896_TCH_R_C_crop
2000_14-17_0896_TCH_R_C_crop_water,tg_masaryk,True,2000_14-17_0896_TCH_R_C_crop
2000_14-17_0896_TCH_R_C_crop_texture,tg_masaryk,True,2000_14-17_0896_TCH_R_C_crop
2000_14-17_0896_TCH_R_C_crop_pencil_gray,tg_masaryk,True,2000_14-17_0896_TCH_R_C_crop
2000_14-17_0896_TCH_R_C_crop_gray,tg_masaryk,True,2000_14-17_0896_TCH_R_C_crop
2000_14-17_0897_TCH_R_C_crop_oil,tg_masaryk,True,2000_14-17_0897_TCH_R_C_crop
2000_14-17_0897_TCH_R_C_crop_water,tg_masaryk,True,2000_14-17_0897_TCH_R_C_crop
2000_14-17_0897_TCH_R_C_crop_texture,tg_masaryk,True,2000_14-17_0897_TCH_R_C_crop
2000_14-17_0897_TCH_R_C_crop_pencil_gray,tg_masaryk,True,2000_14-17_0897_TCH_R_C_crop
2000_14-17_0897_TCH_R_C_crop_gray,tg_masaryk,True,2000_14-17_0897_TCH_R_C_crop
2000_14-17_0898_TCH_R_C_crop_oil,tg_masaryk,True,2000_14-17_0898_TCH_R_C_crop
2000_14-17_0898_TCH_R_C_crop_water,tg_masaryk,True,2000_14-17_0898_TCH_R_C_crop
2000_14-17_0898_TCH_R_C_crop_texture,tg_masaryk,True,2000_14-17_0898_TCH_R_C_crop
2000_14-17_0898_TCH_R_C_crop_pencil_gray,tg_masaryk,True,2000_14-17_0898_TCH_R_C_crop
2000_14-17_0898_TCH_R_C_crop_gray,tg_masaryk,True,2000_14-17_0898_TCH_R_C_crop
2000_14-17_0899_TCH_R_C_crop_oil,tg_masaryk,True,2000_14-17_0899_TCH_R_C_crop
2000_14-17_0899_TCH_R_C_crop_water,tg_masaryk,True,2000_14-17_0899_TCH_R_C_crop
2000_14-17_0899_TCH_R_C_crop_texture,tg_masaryk,True,2000_14-17_0899_TCH_R_C_crop
2000_14-17_0899_TCH_R_C_crop_pencil_gray,tg_masaryk,True,2000_14-17_0899_TCH_R_C_crop
2000_14-17_0899_TCH_R_C_crop_gray,tg_masaryk,True,2000_14-17_0899_TCH_R_C_crop
2000_14-17_0900_TCH_R_C_crop_oil,tg_masaryk,True,2000_14-17_0900_TCH_R_C_crop
2000_14-17_0900_TCH_R_C_crop_water,tg_masaryk,True,2000_14-17_0900_TCH_R_C_crop
2000_14-17_0900_TCH_R_C_crop_texture,tg_masaryk,True,2000_14-17_0900_TCH_R_C_crop
2000_14-17_0900_TCH_R_C_crop_pencil_gray,tg_masaryk,True,2000_14-17_0900_TCH_R_C_crop
2000_14-17_0900_TCH_R_C_crop_gray,tg_masaryk,True,2000_14-17_0900_TCH_R_C_crop
2000_14-17_0901_TCH_R_C_crop_oil,tg_masaryk,True,2000_14-17_0901_TCH_R_C_crop
2000_14-17_0901_TCH_R_C_crop_water,tg_masaryk,True,2000_14-17_0901_TCH_R_C_crop
2000_14-17_0901_TCH_R_C_crop_texture,tg_masaryk,True,2000_14-17_0901_TCH_R_C_crop
2000_14-17_0901_TCH_R_C_crop_pencil_gray,tg_masaryk,True,2000_14-17_0901_TCH_R_C_crop
2000_14-17_0901_TCH_R_C_crop_gray,tg_masaryk,True,2000_14-17_0901_TCH_R_C_crop
2000_14-17_0902_TCH_R_C_crop_oil,tg_masaryk,True,2000_14-17_0902_TCH_R_C_crop
2000_14-17_0902_TCH_R_C_crop_water,tg_masaryk,True,2000_14-17_0902_TCH_R_C_crop
2000_14-17_0902_TCH_R_C_crop_texture,tg_masaryk,True,2000_14-17_0902_TCH_R_C_crop
2000_14-17_0902_TCH_R_C_crop_pencil_gray,tg_masaryk,True,2000_14-17_0902_TCH_R_C_crop
2000_14-17_0902_TCH_R_C_crop_gray,tg_masaryk,True,2000_14-17_0902_TCH_R_C_crop
2000_14-17_0903_TCH_R_C_crop_oil,tg_masaryk,True,2000_14-17_0903_TCH_R_C_crop
2000_14-17_0903_TCH_R_C_crop_water,tg_masaryk,True,2000_14-17_0903_TCH_R_C_crop
2000_14-17_0903_TCH_R_C_crop_texture,tg_masaryk,True,2000_14-17_0903_TCH_R_C_crop
2000_14-17_0903_TCH_R_C_crop_pencil_gray,tg_masaryk,True,2000_14-17_0903_TCH_R_C_crop
2000_14-17_0903_TCH_R_C_crop_gray,tg_masaryk,True,2000_14-17_0903_TCH_R_C_crop
2000_14-17_0904_TCH_R_C_crop_oil,tg_masaryk,True,2000_14-17_0904_TCH_R_C_crop
2000_14-17_0904_TCH_R_C_crop_water,tg_masaryk,True,2000_14-17_0904_TCH_R_C_crop
2000_14-17_0904_TCH_R_C_crop_texture,tg_masaryk,True,2000_14-17_0904_TCH_R_C_crop
2000_14-17_0904_TCH_R_C_crop_pencil_gray,tg_masaryk,True,2000_14-17_0904_TCH_R_C_crop
2000_14-17_0904_TCH_R_C_crop_gray,tg_masaryk,True,2000_14-17_0904_TCH_R_C_crop
2000_14-17_0905_TCH_R_C_crop_oil,tg_masaryk,True,2000_14-17_0905_TCH_R_C_crop
2000_14-17_0905_TCH_R_C_crop_water,tg_masaryk,True,2000_14-17_0905_TCH_R_C_crop
2000_14-17_0905_TCH_R_C_crop_texture,tg_masaryk,True,2000_14-17_0905_TCH_R_C_crop
2000_14-17_0905_TCH_R_C_crop_pencil_gray,tg_masaryk,True,2000_14-17_0905_TCH_R_C_crop
2000_14-17_0905_TCH_R_C_crop_gray,tg_masaryk,True,2000_14-17_0905_TCH_R_C_crop
2000_14-17_0906_TCH_R_C_crop_oil,tg_masaryk,True,2000_14-17_0906_TCH_R_C_crop
2000_14-17_0906_TCH_R_C_crop_water,tg_masaryk,True,2000_14-17_0906_TCH_R_C_crop
2000_14-17_0906_TCH_R_C_crop_texture,tg_masaryk,True,2000_14-17_0906_TCH_R_C_crop
2000_14-17_0906_TCH_R_C_crop_pencil_gray,tg_masaryk,True,2000_14-17_0906_TCH_R_C_crop
2000_14-17_0906_TCH_R_C_crop_gray,tg_masaryk,True,2000_14-17_0906_TCH_R_C_crop
2000_14-17_1345_KIR_R_C_oil,Vincent_van_Gogh_213,True,2000_14-17_1345_KIR_R_C
2000_14-17_1345_KIR_R_C_water,Vincent_van_Gogh_213,True,2000_14-17_1345_KIR_R_C
2000_14-17_1345_KIR_R_C_texture,Vincent_van_Gogh_213,True,2000_14-17_1345_KIR_R_C
2000_14-17_1345_KIR_R_C_pencil_gray,Vincent_van_Gogh_213,True,2000_14-17_1345_KIR_R_C
2000_14-17_1345_KIR_R_C_gray,Vincent_van_Gogh_213,True,2000_14-17_1345_KIR_R_C
2000_14-17_1583_COL_R_C_oil,child_jesus_good_shepard,True,2000_14-17_1583_COL_R_C
2000_14-17_1583_COL_R_C_water,child_jesus_good_shepard,True,2000_14-17_1583_COL_R_C
2000_14-17_1583_COL_R_C_texture,child_jesus_good_shepard,True,2000_14-17_1583_COL_R_C
2000_14-17_1583_COL_R_C_pencil_gray,child_jesus_good_shepard,True,2000_14-17_1583_COL_R_C
2000_14-17_1583_COL_R_C_gray,child_jesus_good_shepard,True,2000_14-17_1583_COL_R_C
1996_10-13_1546_GHA_R_C_oil,ghana-coat-of-arms,True,1996_10-13_1546_GHA_R_C
1996_10-13_1546_GHA_R_C_water,ghana-coat-of-arms,True,1996_10-13_1546_GHA_R_C
1996_10-13_1546_GHA_R_C_texture,ghana-coat-of-arms,True,1996_10-13_1546_GHA_R_C
1996_10-13_1546_GHA_R_C_pencil_gray,ghana-coat-of-arms,True,1996_10-13_1546_GHA_R_C
1996_10-13_1546_GHA_R_C_gray,ghana-coat-of-arms,True,1996_10-13_1546_GHA_R_C
1996_10-13_1547_GHA_R_C_oil,ghana-coat-of-arms,True,1996_10-13_1547_GHA_R_C
1996_10-13_1547_GHA_R_C_water,ghana-coat-of-arms,True,1996_10-13_1547_GHA_R_C
1996_10-13_1547_GHA_R_C_texture,ghana-coat-of-arms,True,1996_10-13_1547_GHA_R_C
1996_10-13_1547_GHA_R_C_pencil_gray,ghana-coat-of-arms,True,1996_10-13_1547_GHA_R_C
1996_10-13_1547_GHA_R_C_gray,ghana-coat-of-arms,True,1996_10-13_1547_GHA_R_C
1996_10-13_1549_GHA_R_C_crop_oil,james_kwegyir,True,1996_10-13_1549_GHA_R_C_crop
1996_10-13_1549_GHA_R_C_crop_water,james_kwegyir,True,1996_10-13_1549_GHA_R_C_crop
1996_10-13_1549_GHA_R_C_crop_texture,james_kwegyir,True,1996_10-13_1549_GHA_R_C_crop
1996_10-13_1549_GHA_R_C_crop_pencil_gray,james_kwegyir,True,1996_10-13_1549_GHA_R_C_crop
1996_10-13_1549_GHA_R_C_crop_gray,james_kwegyir,True,1996_10-13_1549_GHA_R_C_crop
2003_14-17_1294_KAZ_a_R_C_oil,taj_mahal,True,2003_14-17_1294_KAZ_a_R_C
2003_14-17_1294_KAZ_a_R_C_water,taj_mahal,True,2003_14-17_1294_KAZ_a_R_C
2003_14-17_1294_KAZ_a_R_C_texture,taj_mahal,True,2003_14-17_1294_KAZ_a_R_C
2003_14-17_1294_KAZ_a_R_C_pencil_gray,taj_mahal,True,2003_14-17_1294_KAZ_a_R_C
2003_14-17_1294_KAZ_a_R_C_gray,taj_mahal,True,2003_14-17_1294_KAZ_a_R_C
2003_14-17_1298_INE_R_C_oil,taj_mahal,True,2003_14-17_1298_INE_R_C
2003_14-17_1298_INE_R_C_water,taj_mahal,True,2003_14-17_1298_INE_R_C
2003_14-17_1298_INE_R_C_texture,taj_mahal,True,2003_14-17_1298_INE_R_C
2003_14-17_1298_INE_R_C_pencil_gray,taj_mahal,True,2003_14-17_1298_INE_R_C
2003_14-17_1298_INE_R_C_gray,taj_mahal,True,2003_14-17_1298_INE_R_C
2003_14-17_1370_THA_R_C_oil,buddha-eyes-closed,True,2003_14-17_1370_THA_R_C
2003_14-17_1370_THA_R_C_water,buddha-eyes-closed,True,2003_14-17_1370_THA_R_C
2003_14-17_1370_THA_R_C_texture,buddha-eyes-closed,True,2003_14-17_1370_THA_R_C
2003_14-17_1370_THA_R_C_pencil_gray,buddha-eyes-closed,True,2003_14-17_1370_THA_R_C
2003_14-17_1370_THA_R_C_gray,buddha-eyes-closed,True,2003_14-17_1370_THA_R_C
2003_18-25_0204_SUR_R_C_oil,durga-on-tiger,True,2003_18-25_0204_SUR_R_C
2003_18-25_0204_SUR_R_C_water,durga-on-tiger,True,2003_18-25_0204_SUR_R_C
2003_18-25_0204_SUR_R_C_texture,durga-on-tiger,True,2003_18-25_0204_SUR_R_C
2003_18-25_0204_SUR_R_C_pencil_gray,durga-on-tiger,True,2003_18-25_0204_SUR_R_C
2003_18-25_0204_SUR_R_C_gray,durga-on-tiger,True,2003_18-25_0204_SUR_R_C
2004_14-17_0343_BLG_R_C_oil,mother-and-golden-haired-child-shijun-munns,True,2004_14-17_0343_BLG_R_C
2004_14-17_0343_BLG_R_C_water,mother-and-golden-haired-child-shijun-munns,True,2004_14-17_0343_BLG_R_C
2004_14-17_0343_BLG_R_C_texture,mother-and-golden-haired-child-shijun-munns,True,2004_14-17_0343_BLG_R_C
2004_14-17_0343_BLG_R_C_pencil_gray,mother-and-golden-haired-child-shijun-munns,True,2004_14-17_0343_BLG_R_C
2004_14-17_0343_BLG_R_C_gray,mother-and-golden-haired-child-shijun-munns,True,2004_14-17_0343_BLG_R_C
2009_14-17_0939_BGR_R_C_oil,archangel_michael,True,2009_14-17_0939_BGR_R_C
2009_14-17_0939_BGR_R_C_water,archangel_michael,True,2009_14-17_0939_BGR_R_C
2009_14-17_0939_BGR_R_C_texture,archangel_michael,True,2009_14-17_0939_BGR_R_C
2009_14-17_0939_BGR_R_C_pencil_gray,archangel_michael,True,2009_14-17_0939_BGR_R_C
2009_14-17_0939_BGR_R_C_gray,archangel_michael,True,2009_14-17_0939_BGR_R_C
2009_14-17_0941_BGR_R_C_oil,st_stephen_icon,True,2009_14-17_0941_BGR_R_C
2009_14-17_0941_BGR_R_C_water,st_stephen_icon,True,2009_14-17_0941_BGR_R_C
2009_14-17_0941_BGR_R_C_texture,st_stephen_icon,True,2009_14-17_0941_BGR_R_C
2009_14-17_0941_BGR_R_C_pencil_gray,st_stephen_icon,True,2009_14-17_0941_BGR_R_C
2009_14-17_0941_BGR_R_C_gray,st_stephen_icon,True,2009_14-17_0941_BGR_R_C
2009_14-17_1234_DEU_R_C_oil,padme-amidala,True,2009_14-17_1234_DEU_R_C
2009_14-17_1234_DEU_R_C_water,padme-amidala,True,2009_14-17_1234_DEU_R_C
2009_14-17_1234_DEU_R_C_texture,padme-amidala,True,2009_14-17_1234_DEU_R_C
2009_14-17_1234_DEU_R_C_pencil_gray,padme-amidala,True,2009_14-17_1234_DEU_R_C
2009_14-17_1234_DEU_R_C_gray,padme-amidala,True,2009_14-17_1234_DEU_R_C
2009_14-17_2021_POL_R_C_oil,Edvard_Munch_12,True,2009_14-17_2021_POL_R_C
2009_14-17_2021_POL_R_C_water,Edvard_Munch_12,True,2009_14-17_2021_POL_R_C
2009_14-17_2021_POL_R_C_texture,Edvard_Munch_12,True,2009_14-17_2021_POL_R_C
2009_14-17_2021_POL_R_C_pencil_gray,Edvard_Munch_12,True,2009_14-17_2021_POL_R_C
2009_14-17_2021_POL_R_C_gray,Edvard_Munch_12,True,2009_14-17_2021_POL_R_C
2015_14-17_4476_ROM_R_C_oil,inside_identity,True,2015_14-17_4476_ROM_R_C
2015_14-17_4476_ROM_R_C_water,inside_identity,True,2015_14-17_4476_ROM_R_C
2015_14-17_4476_ROM_R_C_texture,inside_identity,True,2015_14-17_4476_ROM_R_C
2015_14-17_4476_ROM_R_C_pencil_gray,inside_identity,True,2015_14-17_4476_ROM_R_C
2015_14-17_4476_ROM_R_C_gray,inside_identity,True,2015_14-17_4476_ROM_R_C
2015_14-17_4881_ROM_R_C_oil,marco_ortolan_benetian_mask,True,2015_14-17_4881_ROM_R_C
2015_14-17_4881_ROM_R_C_water,marco_ortolan_benetian_mask,True,2015_14-17_4881_ROM_R_C
2015_14-17_4881_ROM_R_C_texture,marco_ortolan_benetian_mask,True,2015_14-17_4881_ROM_R_C
2015_14-17_4881_ROM_R_C_pencil_gray,marco_ortolan_benetian_mask,True,2015_14-17_4881_ROM_R_C
2015_14-17_4881_ROM_R_C_gray,marco_ortolan_benetian_mask,True,2015_14-17_4881_ROM_R_C
2013_14-17_1011_POL_R_C_oil,saint_basil_cathedral,True,2013_14-17_1011_POL_R_C
2013_14-17_1011_POL_R_C_water,saint_basil_cathedral,True,2013_14-17_1011_POL_R_C
2013_14-17_1011_POL_R_C_texture,saint_basil_cathedral,True,2013_14-17_1011_POL_R_C
2013_14-17_1011_POL_R_C_pencil_gray,saint_basil_cathedral,True,2013_14-17_1011_POL_R_C
2013_14-17_1011_POL_R_C_gray,saint_basil_cathedral,True,2013_14-17_1011_POL_R_C
2013_14-17_1201_FRA_R_C_oil,taj_mahal,True,2013_14-17_1201_FRA_R_C
2013_14-17_1201_FRA_R_C_water,taj_mahal,True,2013_14-17_1201_FRA_R_C
2013_14-17_1201_FRA_R_C_texture,taj_mahal,True,2013_14-17_1201_FRA_R_C
2013_14-17_1201_FRA_R_C_pencil_gray,taj_mahal,True,2013_14-17_1201_FRA_R_C
2013_14-17_1201_FRA_R_C_gray,taj_mahal,True,2013_14-17_1201_FRA_R_C
2013_18-25_1990_LBN_R_C_oil,byblos_georges_sehral,True,2013_18-25_1990_LBN_R_C
2013_18-25_1990_LBN_R_C_water,byblos_georges_sehral,True,2013_18-25_1990_LBN_R_C
2013_18-25_1990_LBN_R_C_texture,byblos_georges_sehral,True,2013_18-25_1990_LBN_R_C
2013_18-25_1990_LBN_R_C_pencil_gray,byblos_georges_sehral,True,2013_18-25_1990_LBN_R_C
2013_18-25_1990_LBN_R_C_gray,byblos_georges_sehral,True,2013_18-25_1990_LBN_R_C
2014_14-17_0680_RUS_R_C_oil,hucan,True,2014_14-17_0680_RUS_R_C
2014_14-17_0680_RUS_R_C_water,hucan,True,2014_14-17_0680_RUS_R_C
2014_14-17_0680_RUS_R_C_texture,hucan,True,2014_14-17_0680_RUS_R_C
2014_14-17_0680_RUS_R_C_pencil_gray,hucan,True,2014_14-17_0680_RUS_R_C
2014_14-17_0680_RUS_R_C_gray,hucan,True,2014_14-17_0680_RUS_R_C
2010_MS_0981_FRA_R_C_oil,Leonardo_da_Vinci_121,True,2010_MS_0981_FRA_R_C
2010_MS_0981_FRA_R_C_water,Leonardo_da_Vinci_121,True,2010_MS_0981_FRA_R_C
2010_MS_0981_FRA_R_C_texture,Leonardo_da_Vinci_121,True,2010_MS_0981_FRA_R_C
2010_MS_0981_FRA_R_C_pencil_gray,Leonardo_da_Vinci_121,True,2010_MS_0981_FRA_R_C
2010_MS_0981_FRA_R_C_gray,Leonardo_da_Vinci_121,True,2010_MS_0981_FRA_R_C
1995_14-17_0259_YOU_R_C_oil,Vincent_van_Gogh_76,True,1995_14-17_0259_YOU_R_C
1995_14-17_0259_YOU_R_C_water,Vincent_van_Gogh_76,True,1995_14-17_0259_YOU_R_C
1995_14-17_0259_YOU_R_C_texture,Vincent_van_Gogh_76,True,1995_14-17_0259_YOU_R_C
1995_14-17_0259_YOU_R_C_pencil_gray,Vincent_van_Gogh_76,True,1995_14-17_0259_YOU_R_C
1995_14-17_0259_YOU_R_C_gray,Vincent_van_Gogh_76,True,1995_14-17_0259_YOU_R_C
1998_14-17_0101_RUS_R_C_oil,eglise_de_la_transfiguration,True,1998_14-17_0101_RUS_R_C
1998_14-17_0101_RUS_R_C_water,eglise_de_la_transfiguration,True,1998_14-17_0101_RUS_R_C
1998_14-17_0101_RUS_R_C_texture,eglise_de_la_transfiguration,True,1998_14-17_0101_RUS_R_C
1998_14-17_0101_RUS_R_C_pencil_gray,eglise_de_la_transfiguration,True,1998_14-17_0101_RUS_R_C
1998_14-17_0101_RUS_R_C_gray,eglise_de_la_transfiguration,True,1998_14-17_0101_RUS_R_C
1998_14-17_0293_LBA_R_C_oil,ferruzzi_reproduktion,True,1998_14-17_0293_LBA_R_C
1998_14-17_0293_LBA_R_C_water,ferruzzi_reproduktion,True,1998_14-17_0293_LBA_R_C
1998_14-17_0293_LBA_R_C_texture,ferruzzi_reproduktion,True,1998_14-17_0293_LBA_R_C
1998_14-17_0293_LBA_R_C_pencil_gray,ferruzzi_reproduktion,True,1998_14-17_0293_LBA_R_C
1998_14-17_0293_LBA_R_C_gray,ferruzzi_reproduktion,True,1998_14-17_0293_LBA_R_C
1998_18-25_5_0010_oil,isfahan,True,1998_18-25_5_0010
1998_18-25_5_0010_water,isfahan,True,1998_18-25_5_0010
1998_18-25_5_0010_texture,isfahan,True,1998_18-25_5_0010
1998_18-25_5_0010_pencil_gray,isfahan,True,1998_18-25_5_0010
1998_18-25_5_0010_gray,isfahan,True,1998_18-25_5_0010
1998_18-25_0212_IRA_R_C_oil,haruniyeh_monument,True,1998_18-25_0212_IRA_R_C
1998_18-25_0212_IRA_R_C_water,haruniyeh_monument,True,1998_18-25_0212_IRA_R_C
1998_18-25_0212_IRA_R_C_texture,haruniyeh_monument,True,1998_18-25_0212_IRA_R_C
1998_18-25_0212_IRA_R_C_pencil_gray,haruniyeh_monument,True,1998_18-25_0212_IRA_R_C
1998_18-25_0212_IRA_R_C_gray,haruniyeh_monument,True,1998_18-25_0212_IRA_R_C
1998_14-17_0627_CHN_R_C_crop_oil,statute_head,True,1998_14-17_0627_CHN_R_C_crop
1998_14-17_0627_CHN_R_C_crop_water,statute_head,True,1998_14-17_0627_CHN_R_C_crop
1998_14-17_0627_CHN_R_C_crop_texture,statute_head,True,1998_14-17_0627_CHN_R_C_crop
1998_14-17_0627_CHN_R_C_crop_pencil_gray,statute_head,True,1998_14-17_0627_CHN_R_C_crop
1998_14-17_0627_CHN_R_C_crop_gray,statute_head,True,1998_14-17_0627_CHN_R_C_crop
